Year, Month, Monthly_MSL, Unverified, Linear_Trend, High_Conf., Low_Conf.
1900, 1, , , -0.298, -0.282, -0.315
1900, 2, , , -0.298, -0.282, -0.314
1900, 3, , , -0.298, -0.282, -0.314
1900, 4, , , -0.298, -0.282, -0.314
1900, 5, , , -0.297, -0.281, -0.313
1900, 6, , , -0.297, -0.281, -0.313
1900, 7, , , -0.297, -0.281, -0.313
1900, 8, , , -0.297, -0.281, -0.313
1900, 9, , , -0.296, -0.280, -0.312
1900, 10, , , -0.296, -0.280, -0.312
1900, 11, , , -0.296, -0.280, -0.312
1900, 12, , , -0.296, -0.280, -0.311
1901, 1, , , -0.295, -0.279, -0.311
1901, 2, , , -0.295, -0.279, -0.311
1901, 3, , , -0.295, -0.279, -0.311
1901, 4, , , -0.294, -0.279, -0.310
1901, 5, , , -0.294, -0.278, -0.310
1901, 6, , , -0.294, -0.278, -0.310
1901, 7, , , -0.294, -0.278, -0.309
1901, 8, , , -0.293, -0.278, -0.309
1901, 9, , , -0.293, -0.277, -0.309
1901, 10, , , -0.293, -0.277, -0.309
1901, 11, , , -0.293, -0.277, -0.308
1901, 12, , , -0.292, -0.277, -0.308
1902, 1, , , -0.292, -0.276, -0.308
1902, 2, , , -0.292, -0.276, -0.307
1902, 3, , , -0.291, -0.276, -0.307
1902, 4, , , -0.291, -0.276, -0.307
1902, 5, , , -0.291, -0.275, -0.307
1902, 6, , , -0.291, -0.275, -0.306
1902, 7, , , -0.290, -0.275, -0.306
1902, 8, , , -0.290, -0.275, -0.306
1902, 9, , , -0.290, -0.274, -0.305
1902, 10, , , -0.290, -0.274, -0.305
1902, 11, , , -0.289, -0.274, -0.305
1902, 12, , , -0.289, -0.274, -0.305
1903, 1, , , -0.289, -0.273, -0.304
1903, 2, , , -0.289, -0.273, -0.304
1903, 3, , , -0.288, -0.273, -0.304
1903, 4, , , -0.288, -0.273, -0.303
1903, 5, , , -0.288, -0.272, -0.303
1903, 6, , , -0.287, -0.272, -0.303
1903, 7, , , -0.287, -0.272, -0.303
1903, 8, , , -0.287, -0.272, -0.302
1903, 9, , , -0.287, -0.271, -0.302
1903, 10, , , -0.286, -0.271, -0.302
1903, 11, , , -0.286, -0.271, -0.301
1903, 12, , , -0.286, -0.271, -0.301
1904, 1, , , -0.286, -0.270, -0.301
1904, 2, , , -0.285, -0.270, -0.301
1904, 3, , , -0.285, -0.270, -0.300
1904, 4, , , -0.285, -0.270, -0.300
1904, 5, , , -0.285, -0.269, -0.300
1904, 6, , , -0.284, -0.269, -0.299
1904, 7, , , -0.284, -0.269, -0.299
1904, 8, , , -0.284, -0.269, -0.299
1904, 9, , , -0.283, -0.268, -0.299
1904, 10, , , -0.283, -0.268, -0.298
1904, 11, , , -0.283, -0.268, -0.298
1904, 12, , , -0.283, -0.268, -0.298
1905, 1, , , -0.282, -0.267, -0.297
1905, 2, , , -0.282, -0.267, -0.297
1905, 3, , , -0.282, -0.267, -0.297
1905, 4, , , -0.282, -0.267, -0.297
1905, 5, , , -0.281, -0.266, -0.296
1905, 6, , , -0.281, -0.266, -0.296
1905, 7, , , -0.281, -0.266, -0.296
1905, 8, , , -0.281, -0.266, -0.295
1905, 9, , , -0.280, -0.265, -0.295
1905, 10, , , -0.280, -0.265, -0.295
1905, 11, , , -0.280, -0.265, -0.295
1905, 12, , , -0.279, -0.265, -0.294
1906, 1, , , -0.279, -0.264, -0.294
1906, 2, , , -0.279, -0.264, -0.294
1906, 3, , , -0.279, -0.264, -0.294
1906, 4, , , -0.278, -0.264, -0.293
1906, 5, , , -0.278, -0.263, -0.293
1906, 6, , , -0.278, -0.263, -0.293
1906, 7, , , -0.278, -0.263, -0.292
1906, 8, , , -0.277, -0.263, -0.292
1906, 9, , , -0.277, -0.262, -0.292
1906, 10, , , -0.277, -0.262, -0.292
1906, 11, , , -0.277, -0.262, -0.291
1906, 12, , , -0.276, -0.262, -0.291
1907, 1, , , -0.276, -0.261, -0.291
1907, 2, , , -0.276, -0.261, -0.290
1907, 3, , , -0.275, -0.261, -0.290
1907, 4, , , -0.275, -0.261, -0.290
1907, 5, , , -0.275, -0.260, -0.290
1907, 6, , , -0.275, -0.260, -0.289
1907, 7, , , -0.274, -0.260, -0.289
1907, 8, , , -0.274, -0.260, -0.289
1907, 9, , , -0.274, -0.259, -0.288
1907, 10, , , -0.274, -0.259, -0.288
1907, 11, , , -0.273, -0.259, -0.288
1907, 12, , , -0.273, -0.259, -0.288
1908, 1, , , -0.273, -0.258, -0.287
1908, 2, , , -0.272, -0.258, -0.287
1908, 3, , , -0.272, -0.258, -0.287
1908, 4, , , -0.272, -0.258, -0.286
1908, 5, , , -0.272, -0.257, -0.286
1908, 6, , , -0.271, -0.257, -0.286
1908, 7, , , -0.271, -0.257, -0.286
1908, 8, , , -0.271, -0.257, -0.285
1908, 9, , , -0.271, -0.256, -0.285
1908, 10, , , -0.270, -0.256, -0.285
1908, 11, , , -0.270, -0.256, -0.284
1908, 12, , , -0.270, -0.256, -0.284
1909, 1, , , -0.270, -0.255, -0.284
1909, 2, , , -0.269, -0.255, -0.284
1909, 3, , , -0.269, -0.255, -0.283
1909, 4, , , -0.269, -0.255, -0.283
1909, 5, , , -0.268, -0.254, -0.283
1909, 6, , , -0.268, -0.254, -0.282
1909, 7, , , -0.268, -0.254, -0.282
1909, 8, , , -0.268, -0.254, -0.282
1909, 9, , , -0.267, -0.253, -0.282
1909, 10, , , -0.267, -0.253, -0.281
1909, 11, , , -0.267, -0.253, -0.281
1909, 12, , , -0.267, -0.253, -0.281
1910, 1, , , -0.266, -0.252, -0.280
1910, 2, , , -0.266, -0.252, -0.280
1910, 3, , , -0.266, -0.252, -0.280
1910, 4, , , -0.266, -0.252, -0.280
1910, 5, , , -0.265, -0.251, -0.279
1910, 6, , , -0.265, -0.251, -0.279
1910, 7, , , -0.265, -0.251, -0.279
1910, 8, , , -0.264, -0.251, -0.278
1910, 9, , , -0.264, -0.250, -0.278
1910, 10, , , -0.264, -0.250, -0.278
1910, 11, , , -0.264, -0.250, -0.278
1910, 12, , , -0.263, -0.249, -0.277
1911, 1, , , -0.263, -0.249, -0.277
1911, 2, , , -0.263, -0.249, -0.277
1911, 3, , , -0.263, -0.249, -0.276
1911, 4, , , -0.262, -0.248, -0.276
1911, 5, , , -0.262, -0.248, -0.276
1911, 6, , , -0.262, -0.248, -0.276
1911, 7, , , -0.262, -0.248, -0.275
1911, 8, , , -0.261, -0.247, -0.275
1911, 9, , , -0.261, -0.247, -0.275
1911, 10, , , -0.261, -0.247, -0.274
1911, 11, , , -0.260, -0.247, -0.274
1911, 12, , , -0.260, -0.246, -0.274
1912, 1, , , -0.260, -0.246, -0.274
1912, 2, , , -0.260, -0.246, -0.273
1912, 3, , , -0.259, -0.246, -0.273
1912, 4, , , -0.259, -0.245, -0.273
1912, 5, , , -0.259, -0.245, -0.272
1912, 6, , , -0.259, -0.245, -0.272
1912, 7, , , -0.258, -0.245, -0.272
1912, 8, , , -0.258, -0.244, -0.272
1912, 9, , , -0.258, -0.244, -0.271
1912, 10, , , -0.258, -0.244, -0.271
1912, 11, , , -0.257, -0.244, -0.271
1912, 12, , , -0.257, -0.243, -0.270
1913, 1, , , -0.257, -0.243, -0.270
1913, 2, , , -0.256, -0.243, -0.270
1913, 3, , , -0.256, -0.243, -0.270
1913, 4, , , -0.256, -0.242, -0.269
1913, 5, , , -0.256, -0.242, -0.269
1913, 6, , , -0.255, -0.242, -0.269
1913, 7, , , -0.255, -0.242, -0.269
1913, 8, , , -0.255, -0.241, -0.268
1913, 9, , , -0.255, -0.241, -0.268
1913, 10, , , -0.254, -0.241, -0.268
1913, 11, , , -0.254, -0.241, -0.267
1913, 12, , , -0.254, -0.240, -0.267
1914, 1, , , -0.254, -0.240, -0.267
1914, 2, , , -0.253, -0.240, -0.267
1914, 3, , , -0.253, -0.240, -0.266
1914, 4, , , -0.253, -0.239, -0.266
1914, 5, , , -0.252, -0.239, -0.266
1914, 6, , , -0.252, -0.239, -0.265
1914, 7, , , -0.252, -0.239, -0.265
1914, 8, , , -0.252, -0.238, -0.265
1914, 9, , , -0.251, -0.238, -0.265
1914, 10, , , -0.251, -0.238, -0.264
1914, 11, , , -0.251, -0.238, -0.264
1914, 12, , , -0.251, -0.237, -0.264
1915, 1, , , -0.250, -0.237, -0.263
1915, 2, , , -0.250, -0.237, -0.263
1915, 3, , , -0.250, -0.237, -0.263
1915, 4, , , -0.249, -0.236, -0.263
1915, 5, , , -0.249, -0.236, -0.262
1915, 6, , , -0.249, -0.236, -0.262
1915, 7, , , -0.249, -0.236, -0.262
1915, 8, , , -0.248, -0.235, -0.261
1915, 9, , , -0.248, -0.235, -0.261
1915, 10, , , -0.248, -0.235, -0.261
1915, 11, , , -0.248, -0.235, -0.261
1915, 12, , , -0.247, -0.234, -0.260
1916, 1, , , -0.247, -0.234, -0.260
1916, 2, , , -0.247, -0.234, -0.260
1916, 3, , , -0.247, -0.234, -0.259
1916, 4, , , -0.246, -0.233, -0.259
1916, 5, , , -0.246, -0.233, -0.259
1916, 6, , , -0.246, -0.233, -0.259
1916, 7, , , -0.245, -0.233, -0.258
1916, 8, , , -0.245, -0.232, -0.258
1916, 9, , , -0.245, -0.232, -0.258
1916, 10, , , -0.245, -0.232, -0.257
1916, 11, , , -0.244, -0.232, -0.257
1916, 12, , , -0.244, -0.231, -0.257
1917, 1, , , -0.244, -0.231, -0.257
1917, 2, , , -0.244, -0.231, -0.256
1917, 3, , , -0.243, -0.231, -0.256
1917, 4, , , -0.243, -0.230, -0.256
1917, 5, , , -0.243, -0.230, -0.255
1917, 6, , , -0.243, -0.230, -0.255
1917, 7, , , -0.242, -0.230, -0.255
1917, 8, , , -0.242, -0.229, -0.255
1917, 9, , , -0.242, -0.229, -0.254
1917, 10, , , -0.241, -0.229, -0.254
1917, 11, , , -0.241, -0.229, -0.254
1917, 12, , , -0.241, -0.228, -0.253
1918, 1, , , -0.241, -0.228, -0.253
1918, 2, , , -0.240, -0.228, -0.253
1918, 3, , , -0.240, -0.228, -0.253
1918, 4, , , -0.240, -0.227, -0.252
1918, 5, , , -0.240, -0.227, -0.252
1918, 6, , , -0.239, -0.227, -0.252
1918, 7, , , -0.239, -0.227, -0.251
1918, 8, , , -0.239, -0.226, -0.251
1918, 9, , , -0.239, -0.226, -0.251
1918, 10, , , -0.238, -0.226, -0.251
1918, 11, , , -0.238, -0.226, -0.250
1918, 12, , , -0.238, -0.225, -0.250
1919, 1, , , -0.237, -0.225, -0.250
1919, 2, , , -0.237, -0.225, -0.250
1919, 3, , , -0.237, -0.225, -0.249
1919, 4, , , -0.237, -0.224, -0.249
1919, 5, , , -0.236, -0.224, -0.249
1919, 6, , , -0.236, -0.224, -0.248
1919, 7, , , -0.236, -0.224, -0.248
1919, 8, , , -0.236, -0.223, -0.248
1919, 9, , , -0.235, -0.223, -0.248
1919, 10, , , -0.235, -0.223, -0.247
1919, 11, , , -0.235, -0.223, -0.247
1919, 12, , , -0.235, -0.222, -0.247
1920, 1, , , -0.234, -0.222, -0.246
1920, 2, , , -0.234, -0.222, -0.246
1920, 3, , , -0.234, -0.222, -0.246
1920, 4, , , -0.233, -0.221, -0.246
1920, 5, , , -0.233, -0.221, -0.245
1920, 6, , , -0.233, -0.221, -0.245
1920, 7, , , -0.233, -0.221, -0.245
1920, 8, , , -0.232, -0.220, -0.244
1920, 9, , , -0.232, -0.220, -0.244
1920, 10, , , -0.232, -0.220, -0.244
1920, 11, , , -0.232, -0.220, -0.244
1920, 12, , , -0.231, -0.219, -0.243
1921, 1, , , -0.231, -0.219, -0.243
1921, 2, , , -0.231, -0.219, -0.243
1921, 3, , , -0.230, -0.219, -0.242
1921, 4, , , -0.230, -0.218, -0.242
1921, 5, , , -0.230, -0.218, -0.242
1921, 6, , , -0.230, -0.218, -0.242
1921, 7, , , -0.229, -0.218, -0.241
1921, 8, , , -0.229, -0.217, -0.241
1921, 9, , , -0.229, -0.217, -0.241
1921, 10, -0.218, , -0.229, -0.217, -0.240
1921, 11, -0.212, , -0.228, -0.217, -0.240
1921, 12, -0.162, , -0.228, -0.216, -0.240
1922, 1, -0.236, , -0.228, -0.216, -0.240
1922, 2, -0.163, , -0.228, -0.216, -0.239
1922, 3, -0.190, , -0.227, -0.216, -0.239
1922, 4, -0.221, , -0.227, -0.215, -0.239
1922, 5, -0.191, , -0.227, -0.215, -0.238
1922, 6, -0.216, , -0.226, -0.215, -0.238
1922, 7, -0.226, , -0.226, -0.215, -0.238
1922, 8, -0.242, , -0.226, -0.214, -0.238
1922, 9, -0.169, , -0.226, -0.214, -0.237
1922, 10, -0.254, , -0.225, -0.214, -0.237
1922, 11, -0.227, , -0.225, -0.214, -0.237
1922, 12, -0.266, , -0.225, -0.213, -0.236
1923, 1, -0.199, , -0.225, -0.213, -0.236
1923, 2, -0.184, , -0.224, -0.213, -0.236
1923, 3, -0.269, , -0.224, -0.213, -0.236
1923, 4, -0.190, , -0.224, -0.212, -0.235
1923, 5, -0.157, , -0.224, -0.212, -0.235
1923, 6, -0.249, , -0.223, -0.212, -0.235
1923, 7, -0.241, , -0.223, -0.212, -0.234
1923, 8, -0.338, , -0.223, -0.211, -0.234
1923, 9, -0.316, , -0.222, -0.211, -0.234
1923, 10, -0.233, , -0.222, -0.211, -0.234
1923, 11, -0.194, , -0.222, -0.211, -0.233
1923, 12, -0.276, , -0.222, -0.210, -0.233
1924, 1, -0.279, , -0.221, -0.210, -0.233
1924, 2, -0.172, , -0.221, -0.210, -0.233
1924, 3, -0.208, , -0.221, -0.209, -0.232
1924, 4, -0.227, , -0.221, -0.209, -0.232
1924, 5, -0.288, , -0.220, -0.209, -0.232
1924, 6, -0.274, , -0.220, -0.209, -0.231
1924, 7, -0.177, , -0.220, -0.208, -0.231
1924, 8, -0.188, , -0.220, -0.208, -0.231
1924, 9, -0.157, , -0.219, -0.208, -0.231
1924, 10, -0.169, , -0.219, -0.208, -0.230
1924, 11, -0.206, , -0.219, -0.207, -0.230
1924, 12, -0.236, , -0.218, -0.207, -0.230
1925, 1, -0.099, , -0.218, -0.207, -0.229
1925, 2, -0.144, , -0.218, -0.207, -0.229
1925, 3, -0.175, , -0.218, -0.206, -0.229
1925, 4, -0.148, , -0.217, -0.206, -0.229
1925, 5, -0.197, , -0.217, -0.206, -0.228
1925, 6, -0.210, , -0.217, -0.206, -0.228
1925, 7, -0.162, , -0.217, -0.205, -0.228
1925, 8, -0.108, , -0.216, -0.205, -0.227
1925, 9, -0.236, , -0.216, -0.205, -0.227
1925, 10, -0.355, , -0.216, -0.205, -0.227
1925, 11, -0.203, , -0.216, -0.204, -0.227
1925, 12, -0.290, , -0.215, -0.204, -0.226
1926, 1, -0.306, , -0.215, -0.204, -0.226
1926, 2, -0.336, , -0.215, -0.204, -0.226
1926, 3, -0.309, , -0.214, -0.203, -0.225
1926, 4, -0.264, , -0.214, -0.203, -0.225
1926, 5, -0.249, , -0.214, -0.203, -0.225
1926, 6, -0.219, , -0.214, -0.203, -0.225
1926, 7, -0.208, , -0.213, -0.202, -0.224
1926, 8, -0.212, , -0.213, -0.202, -0.224
1926, 9, -0.181, , -0.213, -0.202, -0.224
1926, 10, -0.285, , -0.213, -0.202, -0.223
1926, 11, -0.316, , -0.212, -0.201, -0.223
1926, 12, -0.242, , -0.212, -0.201, -0.223
1927, 1, -0.266, , -0.212, -0.201, -0.223
1927, 2, -0.257, , -0.212, -0.201, -0.222
1927, 3, -0.175, , -0.211, -0.200, -0.222
1927, 4, -0.172, , -0.211, -0.200, -0.222
1927, 5, -0.264, , -0.211, -0.200, -0.221
1927, 6, -0.201, , -0.210, -0.200, -0.221
1927, 7, -0.244, , -0.210, -0.199, -0.221
1927, 8, -0.228, , -0.210, -0.199, -0.221
1927, 9, -0.309, , -0.210, -0.199, -0.220
1927, 10, -0.309, , -0.209, -0.199, -0.220
1927, 11, -0.270, , -0.209, -0.198, -0.220
1927, 12, -0.184, , -0.209, -0.198, -0.220
1928, 1, -0.367, , -0.209, -0.198, -0.219
1928, 2, -0.266, , -0.208, -0.198, -0.219
1928, 3, -0.223, , -0.208, -0.197, -0.219
1928, 4, -0.248, , -0.208, -0.197, -0.218
1928, 5, -0.178, , -0.207, -0.197, -0.218
1928, 6, -0.289, , -0.207, -0.197, -0.218
1928, 7, -0.217, , -0.207, -0.196, -0.218
1928, 8, -0.204, , -0.207, -0.196, -0.217
1928, 9, -0.245, , -0.206, -0.196, -0.217
1928, 10, -0.221, , -0.206, -0.196, -0.217
1928, 11, -0.221, , -0.206, -0.195, -0.216
1928, 12, -0.120, , -0.206, -0.195, -0.216
1929, 1, -0.279, , -0.205, -0.195, -0.216
1929, 2, -0.123, , -0.205, -0.195, -0.216
1929, 3, -0.254, , -0.205, -0.194, -0.215
1929, 4, -0.206, , -0.205, -0.194, -0.215
1929, 5, -0.285, , -0.204, -0.194, -0.215
1929, 6, -0.125, , -0.204, -0.194, -0.214
1929, 7, -0.189, , -0.204, -0.193, -0.214
1929, 8, -0.230, , -0.203, -0.193, -0.214
1929, 9, -0.224, , -0.203, -0.193, -0.214
1929, 10, -0.306, , -0.203, -0.193, -0.213
1929, 11, -0.218, , -0.203, -0.192, -0.213
1929, 12, -0.284, , -0.202, -0.192, -0.213
1930, 1, -0.080, , -0.202, -0.192, -0.212
1930, 2, -0.141, , -0.202, -0.192, -0.212
1930, 3, -0.260, , -0.202, -0.191, -0.212
1930, 4, -0.181, , -0.201, -0.191, -0.212
1930, 5, -0.309, , -0.201, -0.191, -0.211
1930, 6, -0.253, , -0.201, -0.191, -0.211
1930, 7, -0.268, , -0.201, -0.190, -0.211
1930, 8, -0.236, , -0.200, -0.190, -0.210
1930, 9, -0.383, , -0.200, -0.190, -0.210
1930, 10, -0.239, , -0.200, -0.190, -0.210
1930, 11, -0.276, , -0.199, -0.189, -0.210
1930, 12, -0.230, , -0.199, -0.189, -0.209
1931, 1, -0.269, , -0.199, -0.189, -0.209
1931, 2, -0.153, , -0.199, -0.189, -0.209
1931, 3, -0.111, , -0.198, -0.188, -0.208
1931, 4, -0.279, , -0.198, -0.188, -0.208
1931, 5, -0.343, , -0.198, -0.188, -0.208
1931, 6, -0.304, , -0.198, -0.188, -0.208
1931, 7, -0.253, , -0.197, -0.187, -0.207
1931, 8, -0.364, , -0.197, -0.187, -0.207
1931, 9, -0.337, , -0.197, -0.187, -0.207
1931, 10, -0.285, , -0.197, -0.187, -0.207
1931, 11, -0.304, , -0.196, -0.186, -0.206
1931, 12, -0.196, , -0.196, -0.186, -0.206
1932, 1, -0.205, , -0.196, -0.186, -0.206
1932, 2, -0.184, , -0.195, -0.186, -0.205
1932, 3, -0.284, , -0.195, -0.185, -0.205
1932, 4, -0.267, , -0.195, -0.185, -0.205
1932, 5, -0.249, , -0.195, -0.185, -0.205
1932, 6, -0.225, , -0.194, -0.184, -0.204
1932, 7, -0.278, , -0.194, -0.184, -0.204
1932, 8, -0.218, , -0.194, -0.184, -0.204
1932, 9, -0.148, , -0.194, -0.184, -0.203
1932, 10, -0.279, , -0.193, -0.183, -0.203
1932, 11, -0.136, , -0.193, -0.183, -0.203
1932, 12, -0.128, , -0.193, -0.183, -0.203
1933, 1, -0.108, , -0.193, -0.183, -0.202
1933, 2, -0.187, , -0.192, -0.182, -0.202
1933, 3, -0.205, , -0.192, -0.182, -0.202
1933, 4, -0.099, , -0.192, -0.182, -0.201
1933, 5, -0.218, , -0.191, -0.182, -0.201
1933, 6, -0.170, , -0.191, -0.181, -0.201
1933, 7, -0.150, , -0.191, -0.181, -0.201
1933, 8, -0.120, , -0.191, -0.181, -0.200
1933, 9, -0.227, , -0.190, -0.181, -0.200
1933, 10, -0.138, , -0.190, -0.180, -0.200
1933, 11, -0.212, , -0.190, -0.180, -0.199
1933, 12, -0.232, , -0.190, -0.180, -0.199
1934, 1, -0.230, , -0.189, -0.180, -0.199
1934, 2, -0.220, , -0.189, -0.179, -0.199
1934, 3, -0.251, , -0.189, -0.179, -0.198
1934, 4, -0.212, , -0.188, -0.179, -0.198
1934, 5, -0.206, , -0.188, -0.179, -0.198
1934, 6, -0.295, , -0.188, -0.178, -0.197
1934, 7, -0.250, , -0.188, -0.178, -0.197
1934, 8, -0.316, , -0.187, -0.178, -0.197
1934, 9, -0.267, , -0.187, -0.178, -0.197
1934, 10, -0.154, , -0.187, -0.177, -0.196
1934, 11, -0.237, , -0.187, -0.177, -0.196
1934, 12, -0.196, , -0.186, -0.177, -0.196
1935, 1, -0.074, , -0.186, -0.177, -0.196
1935, 2, -0.193, , -0.186, -0.176, -0.195
1935, 3, -0.202, , -0.186, -0.176, -0.195
1935, 4, -0.133, , -0.185, -0.176, -0.195
1935, 5, -0.200, , -0.185, -0.176, -0.194
1935, 6, -0.213, , -0.185, -0.175, -0.194
1935, 7, -0.226, , -0.184, -0.175, -0.194
1935, 8, -0.210, , -0.184, -0.175, -0.194
1935, 9, -0.224, , -0.184, -0.175, -0.193
1935, 10, -0.212, , -0.184, -0.174, -0.193
1935, 11, -0.066, , -0.183, -0.174, -0.193
1935, 12, -0.208, , -0.183, -0.174, -0.192
1936, 1, -0.236, , -0.183, -0.174, -0.192
1936, 2, -0.169, , -0.183, -0.173, -0.192
1936, 3, -0.245, , -0.182, -0.173, -0.192
1936, 4, -0.187, , -0.182, -0.173, -0.191
1936, 5, -0.133, , -0.182, -0.173, -0.191
1936, 6, -0.103, , -0.182, -0.172, -0.191
1936, 7, -0.217, , -0.181, -0.172, -0.190
1936, 8, -0.190, , -0.181, -0.172, -0.190
1936, 9, -0.178, , -0.181, -0.172, -0.190
1936, 10, -0.157, , -0.180, -0.171, -0.190
1936, 11, -0.255, , -0.180, -0.171, -0.189
1936, 12, -0.092, , -0.180, -0.171, -0.189
1937, 1, -0.102, , -0.180, -0.171, -0.189
1937, 2, -0.071, , -0.179, -0.170, -0.188
1937, 3, -0.159, , -0.179, -0.170, -0.188
1937, 4, -0.163, , -0.179, -0.170, -0.188
1937, 5, -0.142, , -0.179, -0.170, -0.188
1937, 6, -0.207, , -0.178, -0.169, -0.187
1937, 7, -0.211, , -0.178, -0.169, -0.187
1937, 8, -0.176, , -0.178, -0.169, -0.187
1937, 9, -0.154, , -0.178, -0.169, -0.187
1937, 10, -0.187, , -0.177, -0.168, -0.186
1937, 11, -0.215, , -0.177, -0.168, -0.186
1937, 12, -0.186, , -0.177, -0.168, -0.186
1938, 1, -0.169, , -0.176, -0.168, -0.185
1938, 2, -0.153, , -0.176, -0.167, -0.185
1938, 3, -0.172, , -0.176, -0.167, -0.185
1938, 4, -0.257, , -0.176, -0.167, -0.185
1938, 5, -0.191, , -0.175, -0.167, -0.184
1938, 6, -0.192, , -0.175, -0.166, -0.184
1938, 7, -0.186, , -0.175, -0.166, -0.184
1938, 8, -0.258, , -0.175, -0.166, -0.183
1938, 9, -0.233, , -0.174, -0.165, -0.183
1938, 10, -0.117, , -0.174, -0.165, -0.183
1938, 11, -0.078, , -0.174, -0.165, -0.183
1938, 12, -0.132, , -0.174, -0.165, -0.182
1939, 1, -0.187, , -0.173, -0.164, -0.182
1939, 2, -0.230, , -0.173, -0.164, -0.182
1939, 3, -0.162, , -0.173, -0.164, -0.181
1939, 4, -0.218, , -0.172, -0.164, -0.181
1939, 5, -0.154, , -0.172, -0.163, -0.181
1939, 6, -0.198, , -0.172, -0.163, -0.181
1939, 7, -0.137, , -0.172, -0.163, -0.180
1939, 8, -0.230, , -0.171, -0.163, -0.180
1939, 9, -0.136, , -0.171, -0.162, -0.180
1939, 10, -0.221, , -0.171, -0.162, -0.179
1939, 11, -0.200, , -0.171, -0.162, -0.179
1939, 12, -0.248, , -0.170, -0.162, -0.179
1940, 1, -0.251, , -0.170, -0.161, -0.179
1940, 2, -0.251, , -0.170, -0.161, -0.178
1940, 3, -0.187, , -0.169, -0.161, -0.178
1940, 4, -0.254, , -0.169, -0.161, -0.178
1940, 5, -0.203, , -0.169, -0.160, -0.178
1940, 6, -0.265, , -0.169, -0.160, -0.177
1940, 7, -0.183, , -0.168, -0.160, -0.177
1940, 8, -0.042, , -0.168, -0.160, -0.177
1940, 9, -0.133, , -0.168, -0.159, -0.176
1940, 10, -0.163, , -0.168, -0.159, -0.176
1940, 11, -0.206, , -0.167, -0.159, -0.176
1940, 12, -0.174, , -0.167, -0.159, -0.176
1941, 1, -0.087, , -0.167, -0.158, -0.175
1941, 2, -0.150, , -0.167, -0.158, -0.175
1941, 3, -0.257, , -0.166, -0.158, -0.175
1941, 4, -0.187, , -0.166, -0.158, -0.174
1941, 5, -0.267, , -0.166, -0.157, -0.174
1941, 6, -0.182, , -0.165, -0.157, -0.174
1941, 7, -0.226, , -0.165, -0.157, -0.174
1941, 8, -0.242, , -0.165, -0.157, -0.173
1941, 9, -0.221, , -0.165, -0.156, -0.173
1941, 10, -0.245, , -0.164, -0.156, -0.173
1941, 11, -0.188, , -0.164, -0.156, -0.172
1941, 12, -0.208, , -0.164, -0.156, -0.172
1942, 1, -0.172, , -0.164, -0.155, -0.172
1942, 2, -0.099, , -0.163, -0.155, -0.172
1942, 3, -0.266, , -0.163, -0.155, -0.171
1942, 4, -0.148, , -0.163, -0.155, -0.171
1942, 5, -0.148, , -0.163, -0.154, -0.171
1942, 6, -0.149, , -0.162, -0.154, -0.171
1942, 7, -0.171, , -0.162, -0.154, -0.170
1942, 8, -0.178, , -0.162, -0.154, -0.170
1942, 9, -0.194, , -0.161, -0.153, -0.170
1942, 10, -0.087, , -0.161, -0.153, -0.169
1942, 11, -0.160, , -0.161, -0.153, -0.169
1942, 12, -0.202, , -0.161, -0.153, -0.169
1943, 1, -0.178, , -0.160, -0.152, -0.169
1943, 2, -0.233, , -0.160, -0.152, -0.168
1943, 3, -0.132, , -0.160, -0.152, -0.168
1943, 4, -0.117, , -0.160, -0.151, -0.168
1943, 5, -0.117, , -0.159, -0.151, -0.167
1943, 6, -0.137, , -0.159, -0.151, -0.167
1943, 7, -0.140, , -0.159, -0.151, -0.167
1943, 8, -0.112, , -0.159, -0.150, -0.167
1943, 9, -0.102, , -0.158, -0.150, -0.166
1943, 10, -0.096, , -0.158, -0.150, -0.166
1943, 11, -0.170, , -0.158, -0.150, -0.166
1943, 12, -0.154, , -0.157, -0.149, -0.165
1944, 1, -0.087, , -0.157, -0.149, -0.165
1944, 2, -0.132, , -0.157, -0.149, -0.165
1944, 3, -0.083, , -0.157, -0.149, -0.165
1944, 4, -0.090, , -0.156, -0.148, -0.164
1944, 5, -0.084, , -0.156, -0.148, -0.164
1944, 6, -0.051, , -0.156, -0.148, -0.164
1944, 7, -0.012, , -0.156, -0.148, -0.164
1944, 8, -0.114, , -0.155, -0.147, -0.163
1944, 9, -0.172, , -0.155, -0.147, -0.163
1944, 10, -0.123, , -0.155, -0.147, -0.163
1944, 11, -0.115, , -0.155, -0.147, -0.162
1944, 12, -0.196, , -0.154, -0.146, -0.162
1945, 1, -0.141, , -0.154, -0.146, -0.162
1945, 2, -0.233, , -0.154, -0.146, -0.162
1945, 3, -0.202, , -0.153, -0.146, -0.161
1945, 4, -0.099, , -0.153, -0.145, -0.161
1945, 5, -0.175, , -0.153, -0.145, -0.161
1945, 6, -0.173, , -0.153, -0.145, -0.160
1945, 7, -0.098, , -0.152, -0.145, -0.160
1945, 8, -0.152, , -0.152, -0.144, -0.160
1945, 9, -0.148, , -0.152, -0.144, -0.160
1945, 10, -0.068, , -0.152, -0.144, -0.159
1945, 11, -0.130, , -0.151, -0.144, -0.159
1945, 12, -0.056, , -0.151, -0.143, -0.159
1946, 1, -0.114, , -0.151, -0.143, -0.158
1946, 2, -0.190, , -0.151, -0.143, -0.158
1946, 3, -0.083, , -0.150, -0.143, -0.158
1946, 4, -0.072, , -0.150, -0.142, -0.158
1946, 5, -0.127, , -0.150, -0.142, -0.157
1946, 6, -0.167, , -0.149, -0.142, -0.157
1946, 7, -0.113, , -0.149, -0.142, -0.157
1946, 8, -0.170, , -0.149, -0.141, -0.157
1946, 9, -0.099, , -0.149, -0.141, -0.156
1946, 10, -0.035, , -0.148, -0.141, -0.156
1946, 11, -0.002, , -0.148, -0.140, -0.156
1946, 12, -0.074, , -0.148, -0.140, -0.155
1947, 1, -0.077, , -0.148, -0.140, -0.155
1947, 2, -0.196, , -0.147, -0.140, -0.155
1947, 3, -0.187, , -0.147, -0.139, -0.155
1947, 4, -0.163, , -0.147, -0.139, -0.154
1947, 5, -0.178, , -0.146, -0.139, -0.154
1947, 6, -0.048, , -0.146, -0.139, -0.154
1947, 7, -0.095, , -0.146, -0.138, -0.153
1947, 8, -0.132, , -0.146, -0.138, -0.153
1947, 9, -0.063, , -0.145, -0.138, -0.153
1947, 10, -0.071, , -0.145, -0.138, -0.153
1947, 11, 0.080, , -0.145, -0.137, -0.152
1947, 12, 0.042, , -0.145, -0.137, -0.152
1948, 1, -0.007, , -0.144, -0.137, -0.152
1948, 2, 0.026, , -0.144, -0.137, -0.152
1948, 3, 0.033, , -0.144, -0.136, -0.151
1948, 4, 0.014, , -0.144, -0.136, -0.151
1948, 5, -0.026, , -0.143, -0.136, -0.151
1948, 6, -0.042, , -0.143, -0.136, -0.150
1948, 7, -0.092, , -0.143, -0.135, -0.150
1948, 8, -0.084, , -0.142, -0.135, -0.150
1948, 9, 0.008, , -0.142, -0.135, -0.150
1948, 10, -0.014, , -0.142, -0.135, -0.149
1948, 11, -0.026, , -0.142, -0.134, -0.149
1948, 12, -0.050, , -0.141, -0.134, -0.149
1949, 1, -0.114, , -0.141, -0.134, -0.148
1949, 2, -0.065, , -0.141, -0.134, -0.148
1949, 3, -0.123, , -0.141, -0.133, -0.148
1949, 4, -0.105, , -0.140, -0.133, -0.148
1949, 5, -0.044, , -0.140, -0.133, -0.147
1949, 6, -0.018, , -0.140, -0.133, -0.147
1949, 7, -0.034, , -0.140, -0.132, -0.147
1949, 8, -0.100, , -0.139, -0.132, -0.147
1949, 9, -0.066, , -0.139, -0.132, -0.146
1949, 10, -0.001, , -0.139, -0.132, -0.146
1949, 11, -0.163, , -0.138, -0.131, -0.146
1949, 12, -0.072, , -0.138, -0.131, -0.145
1950, 1, -0.154, , -0.138, -0.131, -0.145
1950, 2, -0.096, , -0.138, -0.130, -0.145
1950, 3, -0.120, , -0.137, -0.130, -0.145
1950, 4, -0.093, , -0.137, -0.130, -0.144
1950, 5, -0.090, , -0.137, -0.130, -0.144
1950, 6, -0.146, , -0.137, -0.129, -0.144
1950, 7, -0.226, , -0.136, -0.129, -0.143
1950, 8, -0.082, , -0.136, -0.129, -0.143
1950, 9, -0.111, , -0.136, -0.129, -0.143
1950, 10, -0.114, , -0.136, -0.128, -0.143
1950, 11, -0.246, , -0.135, -0.128, -0.142
1950, 12, -0.126, , -0.135, -0.128, -0.142
1951, 1, -0.132, , -0.135, -0.128, -0.142
1951, 2, -0.138, , -0.134, -0.127, -0.142
1951, 3, -0.074, , -0.134, -0.127, -0.141
1951, 4, -0.114, , -0.134, -0.127, -0.141
1951, 5, -0.121, , -0.134, -0.127, -0.141
1951, 6, -0.094, , -0.133, -0.126, -0.140
1951, 7, -0.171, , -0.133, -0.126, -0.140
1951, 8, -0.146, , -0.133, -0.126, -0.140
1951, 9, -0.163, , -0.133, -0.126, -0.140
1951, 10, -0.020, , -0.132, -0.125, -0.139
1951, 11, -0.099, , -0.132, -0.125, -0.139
1951, 12, -0.110, , -0.132, -0.125, -0.139
1952, 1, -0.102, , -0.132, -0.125, -0.138
1952, 2, -0.059, , -0.131, -0.124, -0.138
1952, 3, -0.059, , -0.131, -0.124, -0.138
1952, 4, -0.126, , -0.131, -0.124, -0.138
1952, 5, -0.102, , -0.130, -0.124, -0.137
1952, 6, -0.198, , -0.130, -0.123, -0.137
1952, 7, -0.119, , -0.130, -0.123, -0.137
1952, 8, -0.132, , -0.130, -0.123, -0.137
1952, 9, -0.081, , -0.129, -0.122, -0.136
1952, 10, -0.120, , -0.129, -0.122, -0.136
1952, 11, -0.163, , -0.129, -0.122, -0.136
1952, 12, -0.056, , -0.129, -0.122, -0.135
1953, 1, -0.154, , -0.128, -0.121, -0.135
1953, 2, -0.205, , -0.128, -0.121, -0.135
1953, 3, -0.123, , -0.128, -0.121, -0.135
1953, 4, -0.129, , -0.127, -0.121, -0.134
1953, 5, -0.209, , -0.127, -0.120, -0.134
1953, 6, -0.091, , -0.127, -0.120, -0.134
1953, 7, -0.089, , -0.127, -0.120, -0.133
1953, 8, -0.076, , -0.126, -0.120, -0.133
1953, 9, -0.081, , -0.126, -0.119, -0.133
1953, 10, -0.084, , -0.126, -0.119, -0.133
1953, 11, -0.106, , -0.126, -0.119, -0.132
1953, 12, -0.126, , -0.125, -0.119, -0.132
1954, 1, -0.108, , -0.125, -0.118, -0.132
1954, 2, -0.065, , -0.125, -0.118, -0.132
1954, 3, -0.172, , -0.125, -0.118, -0.131
1954, 4, -0.050, , -0.124, -0.118, -0.131
1954, 5, -0.044, , -0.124, -0.117, -0.131
1954, 6, -0.030, , -0.124, -0.117, -0.130
1954, 7, -0.067, , -0.123, -0.117, -0.130
1954, 8, -0.172, , -0.123, -0.117, -0.130
1954, 9, -0.194, , -0.123, -0.116, -0.130
1954, 10, -0.199, , -0.123, -0.116, -0.129
1954, 11, -0.154, , -0.122, -0.116, -0.129
1954, 12, -0.218, , -0.122, -0.116, -0.129
1955, 1, -0.059, , -0.122, -0.115, -0.129
1955, 2, -0.114, , -0.122, -0.115, -0.128
1955, 3, -0.168, , -0.121, -0.115, -0.128
1955, 4, -0.072, , -0.121, -0.114, -0.128
1955, 5, -0.035, , -0.121, -0.114, -0.127
1955, 6, -0.042, , -0.121, -0.114, -0.127
1955, 7, -0.073, , -0.120, -0.114, -0.127
1955, 8, -0.020, , -0.120, -0.113, -0.127
1955, 9, -0.099, , -0.120, -0.113, -0.126
1955, 10, -0.065, , -0.119, -0.113, -0.126
1955, 11, -0.176, , -0.119, -0.113, -0.126
1955, 12, -0.128, , -0.119, -0.112, -0.125
1956, 1, -0.047, , -0.119, -0.112, -0.125
1956, 2, -0.150, , -0.118, -0.112, -0.125
1956, 3, -0.172, , -0.118, -0.112, -0.125
1956, 4, -0.148, , -0.118, -0.111, -0.124
1956, 5, -0.096, , -0.118, -0.111, -0.124
1956, 6, -0.140, , -0.117, -0.111, -0.124
1956, 7, -0.235, , -0.117, -0.111, -0.124
1956, 8, -0.126, , -0.117, -0.110, -0.123
1956, 9, -0.151, , -0.117, -0.110, -0.123
1956, 10, -0.071, , -0.116, -0.110, -0.123
1956, 11, -0.133, , -0.116, -0.110, -0.122
1956, 12, -0.256, , -0.116, -0.109, -0.122
1957, 1, -0.175, , -0.115, -0.109, -0.122
1957, 2, -0.041, , -0.115, -0.109, -0.122
1957, 3, 0.011, , -0.115, -0.108, -0.121
1957, 4, -0.139, , -0.115, -0.108, -0.121
1957, 5, -0.063, , -0.114, -0.108, -0.121
1957, 6, -0.097, , -0.114, -0.108, -0.121
1957, 7, -0.009, , -0.114, -0.107, -0.120
1957, 8, 0.008, , -0.114, -0.107, -0.120
1957, 9, -0.114, , -0.113, -0.107, -0.120
1957, 10, -0.053, , -0.113, -0.107, -0.119
1957, 11, -0.038, , -0.113, -0.106, -0.119
1957, 12, -0.098, , -0.113, -0.106, -0.119
1958, 1, -0.047, , -0.112, -0.106, -0.119
1958, 2, -0.251, , -0.112, -0.106, -0.118
1958, 3, -0.062, , -0.112, -0.105, -0.118
1958, 4, -0.029, , -0.111, -0.105, -0.118
1958, 5, -0.133, , -0.111, -0.105, -0.118
1958, 6, -0.109, , -0.111, -0.105, -0.117
1958, 7, -0.165, , -0.111, -0.104, -0.117
1958, 8, -0.166, , -0.110, -0.104, -0.117
1958, 9, -0.163, , -0.110, -0.104, -0.116
1958, 10, -0.050, , -0.110, -0.104, -0.116
1958, 11, -0.142, , -0.110, -0.103, -0.116
1958, 12, -0.078, , -0.109, -0.103, -0.116
1959, 1, -0.123, , -0.109, -0.103, -0.115
1959, 2, -0.129, , -0.109, -0.102, -0.115
1959, 3, -0.138, , -0.109, -0.102, -0.115
1959, 4, -0.145, , -0.108, -0.102, -0.115
1959, 5, -0.145, , -0.108, -0.102, -0.114
1959, 6, -0.067, , -0.108, -0.101, -0.114
1959, 7, -0.058, , -0.107, -0.101, -0.114
1959, 8, -0.166, , -0.107, -0.101, -0.113
1959, 9, -0.102, , -0.107, -0.101, -0.113
1959, 10, -0.102, , -0.107, -0.100, -0.113
1959, 11, -0.035, , -0.106, -0.100, -0.113
1959, 12, -0.062, , -0.106, -0.100, -0.112
1960, 1, 0.005, , -0.106, -0.100, -0.112
1960, 2, -0.080, , -0.106, -0.099, -0.112
1960, 3, -0.092, , -0.105, -0.099, -0.111
1960, 4, -0.117, , -0.105, -0.099, -0.111
1960, 5, -0.081, , -0.105, -0.099, -0.111
1960, 6, -0.033, , -0.104, -0.098, -0.111
1960, 7, 0.003, , -0.104, -0.098, -0.110
1960, 8, -0.060, , -0.104, -0.098, -0.110
1960, 9, -0.014, , -0.104, -0.098, -0.110
1960, 10, -0.056, , -0.103, -0.097, -0.110
1960, 11, -0.145, , -0.103, -0.097, -0.109
1960, 12, -0.120, , -0.103, -0.097, -0.109
1961, 1, -0.129, , -0.103, -0.096, -0.109
1961, 2, -0.147, , -0.102, -0.096, -0.108
1961, 3, -0.056, , -0.102, -0.096, -0.108
1961, 4, -0.142, , -0.102, -0.096, -0.108
1961, 5, -0.078, , -0.102, -0.095, -0.108
1961, 6, -0.176, , -0.101, -0.095, -0.107
1961, 7, -0.131, , -0.101, -0.095, -0.107
1961, 8, -0.118, , -0.101, -0.095, -0.107
1961, 9, -0.102, , -0.100, -0.094, -0.107
1961, 10, -0.111, , -0.100, -0.094, -0.106
1961, 11, -0.020, , -0.100, -0.094, -0.106
1961, 12, -0.110, , -0.100, -0.094, -0.106
1962, 1, -0.187, , -0.099, -0.093, -0.106
1962, 2, -0.010, , -0.099, -0.093, -0.105
1962, 3, 0.081, , -0.099, -0.093, -0.105
1962, 4, -0.157, , -0.099, -0.093, -0.105
1962, 5, -0.023, , -0.098, -0.092, -0.104
1962, 6, -0.012, , -0.098, -0.092, -0.104
1962, 7, -0.000, , -0.098, -0.092, -0.104
1962, 8, -0.038, , -0.098, -0.091, -0.104
1962, 9, -0.066, , -0.097, -0.091, -0.103
1962, 10, -0.087, , -0.097, -0.091, -0.103
1962, 11, -0.084, , -0.097, -0.091, -0.103
1962, 12, -0.072, , -0.096, -0.090, -0.103
1963, 1, -0.023, , -0.096, -0.090, -0.102
1963, 2, -0.096, , -0.096, -0.090, -0.102
1963, 3, -0.217, , -0.096, -0.090, -0.102
1963, 4, -0.157, , -0.095, -0.089, -0.101
1963, 5, -0.108, , -0.095, -0.089, -0.101
1963, 6, -0.152, , -0.095, -0.089, -0.101
1963, 7, -0.150, , -0.095, -0.089, -0.101
1963, 8, -0.142, , -0.094, -0.088, -0.100
1963, 9, -0.035, , -0.094, -0.088, -0.100
1963, 10, -0.093, , -0.094, -0.088, -0.100
1963, 11, -0.163, , -0.094, -0.088, -0.100
1963, 12, -0.174, , -0.093, -0.087, -0.099
1964, 1, -0.196, , -0.093, -0.087, -0.099
1964, 2, -0.224, , -0.093, -0.087, -0.099
1964, 3, -0.168, , -0.092, -0.086, -0.098
1964, 4, -0.172, , -0.092, -0.086, -0.098
1964, 5, -0.069, , -0.092, -0.086, -0.098
1964, 6, -0.106, , -0.092, -0.086, -0.098
1964, 7, -0.177, , -0.091, -0.085, -0.097
1964, 8, -0.108, , -0.091, -0.085, -0.097
1964, 9, -0.035, , -0.091, -0.085, -0.097
1964, 10, -0.081, , -0.091, -0.085, -0.097
1964, 11, -0.109, , -0.090, -0.084, -0.096
1964, 12, -0.126, , -0.090, -0.084, -0.096
1965, 1, -0.117, , -0.090, -0.084, -0.096
1965, 2, -0.108, , -0.090, -0.084, -0.095
1965, 3, -0.141, , -0.089, -0.083, -0.095
1965, 4, -0.069, , -0.089, -0.083, -0.095
1965, 5, -0.206, , -0.089, -0.083, -0.095
1965, 6, -0.192, , -0.088, -0.082, -0.094
1965, 7, -0.113, , -0.088, -0.082, -0.094
1965, 8, -0.196, , -0.088, -0.082, -0.094
1965, 9, -0.087, , -0.088, -0.082, -0.094
1965, 10, -0.138, , -0.087, -0.081, -0.093
1965, 11, -0.069, , -0.087, -0.081, -0.093
1965, 12, -0.084, , -0.087, -0.081, -0.093
1966, 1, -0.023, , -0.087, -0.081, -0.093
1966, 2, -0.126, , -0.086, -0.080, -0.092
1966, 3, -0.077, , -0.086, -0.080, -0.092
1966, 4, -0.129, , -0.086, -0.080, -0.092
1966, 5, -0.053, , -0.085, -0.080, -0.091
1966, 6, -0.039, , -0.085, -0.079, -0.091
1966, 7, -0.076, , -0.085, -0.079, -0.091
1966, 8, -0.152, , -0.085, -0.079, -0.091
1966, 9, -0.157, , -0.084, -0.078, -0.090
1966, 10, -0.184, , -0.084, -0.078, -0.090
1966, 11, -0.154, , -0.084, -0.078, -0.090
1966, 12, -0.056, , -0.084, -0.078, -0.090
1967, 1, -0.087, , -0.083, -0.077, -0.089
1967, 2, -0.144, , -0.083, -0.077, -0.089
1967, 3, -0.150, , -0.083, -0.077, -0.089
1967, 4, -0.078, , -0.083, -0.077, -0.088
1967, 5, -0.090, , -0.082, -0.076, -0.088
1967, 6, 0.016, , -0.082, -0.076, -0.088
1967, 7, -0.168, , -0.082, -0.076, -0.088
1967, 8, -0.114, , -0.081, -0.076, -0.087
1967, 9, -0.026, , -0.081, -0.075, -0.087
1967, 10, -0.163, , -0.081, -0.075, -0.087
1967, 11, -0.118, , -0.081, -0.075, -0.087
1967, 12, -0.040, , -0.080, -0.074, -0.086
1968, 1, -0.020, , -0.080, -0.074, -0.086
1968, 2, 0.002, , -0.080, -0.074, -0.086
1968, 3, -0.205, , -0.080, -0.074, -0.086
1968, 4, -0.096, , -0.079, -0.073, -0.085
1968, 5, -0.151, , -0.079, -0.073, -0.085
1968, 6, -0.106, , -0.079, -0.073, -0.085
1968, 7, -0.110, , -0.079, -0.073, -0.084
1968, 8, -0.084, , -0.078, -0.072, -0.084
1968, 9, -0.087, , -0.078, -0.072, -0.084
1968, 10, -0.102, , -0.078, -0.072, -0.084
1968, 11, -0.182, , -0.077, -0.072, -0.083
1968, 12, -0.172, , -0.077, -0.071, -0.083
1969, 1, -0.123, , -0.077, -0.071, -0.083
1969, 2, 0.002, , -0.077, -0.071, -0.083
1969, 3, -0.098, , -0.076, -0.070, -0.082
1969, 4, -0.126, , -0.076, -0.070, -0.082
1969, 5, -0.124, , -0.076, -0.070, -0.082
1969, 6, -0.070, , -0.076, -0.070, -0.082
1969, 7, -0.086, , -0.075, -0.069, -0.081
1969, 8, -0.050, , -0.075, -0.069, -0.081
1969, 9, -0.041, , -0.075, -0.069, -0.081
1969, 10, -0.038, , -0.075, -0.069, -0.080
1969, 11, -0.072, , -0.074, -0.068, -0.080
1969, 12, -0.090, , -0.074, -0.068, -0.080
1970, 1, -0.099, , -0.074, -0.068, -0.080
1970, 2, -0.160, , -0.073, -0.068, -0.079
1970, 3, -0.089, , -0.073, -0.067, -0.079
1970, 4, -0.050, , -0.073, -0.067, -0.079
1970, 5, -0.093, , -0.073, -0.067, -0.079
1970, 6, -0.039, , -0.072, -0.066, -0.078
1970, 7, -0.083, , -0.072, -0.066, -0.078
1970, 8, -0.118, , -0.072, -0.066, -0.078
1970, 9, -0.114, , -0.072, -0.066, -0.078
1970, 10, 0.035, , -0.071, -0.065, -0.077
1970, 11, -0.054, , -0.071, -0.065, -0.077
1970, 12, 0.026, , -0.071, -0.065, -0.077
1971, 1, -0.068, , -0.071, -0.065, -0.076
1971, 2, -0.144, , -0.070, -0.064, -0.076
1971, 3, -0.126, , -0.070, -0.064, -0.076
1971, 4, -0.108, , -0.070, -0.064, -0.076
1971, 5, -0.114, , -0.069, -0.064, -0.075
1971, 6, -0.091, , -0.069, -0.063, -0.075
1971, 7, -0.101, , -0.069, -0.063, -0.075
1971, 8, -0.048, , -0.069, -0.063, -0.075
1971, 9, -0.044, , -0.068, -0.062, -0.074
1971, 10, 0.017, , -0.068, -0.062, -0.074
1971, 11, 0.050, , -0.068, -0.062, -0.074
1971, 12, 0.024, , -0.068, -0.062, -0.074
1972, 1, 0.008, , -0.067, -0.061, -0.073
1972, 2, -0.044, , -0.067, -0.061, -0.073
1972, 3, -0.034, , -0.067, -0.061, -0.073
1972, 4, -0.023, , -0.066, -0.061, -0.072
1972, 5, 0.072, , -0.066, -0.060, -0.072
1972, 6, 0.007, , -0.066, -0.060, -0.072
1972, 7, -0.104, , -0.066, -0.060, -0.072
1972, 8, -0.030, , -0.065, -0.059, -0.071
1972, 9, -0.087, , -0.065, -0.059, -0.071
1972, 10, -0.047, , -0.065, -0.059, -0.071
1972, 11, 0.062, , -0.065, -0.059, -0.071
1972, 12, -0.004, , -0.064, -0.058, -0.070
1973, 1, 0.102, , -0.064, -0.058, -0.070
1973, 2, 0.100, , -0.064, -0.058, -0.070
1973, 3, 0.100, , -0.064, -0.058, -0.070
1973, 4, -0.001, , -0.063, -0.057, -0.069
1973, 5, -0.038, , -0.063, -0.057, -0.069
1973, 6, -0.082, , -0.063, -0.057, -0.069
1973, 7, -0.003, , -0.062, -0.056, -0.068
1973, 8, -0.032, , -0.062, -0.056, -0.068
1973, 9, -0.017, , -0.062, -0.056, -0.068
1973, 10, 0.029, , -0.062, -0.056, -0.068
1973, 11, -0.048, , -0.061, -0.055, -0.067
1973, 12, -0.090, , -0.061, -0.055, -0.067
1974, 1, -0.038, , -0.061, -0.055, -0.067
1974, 2, 0.026, , -0.061, -0.055, -0.067
1974, 3, -0.071, , -0.060, -0.054, -0.066
1974, 4, -0.072, , -0.060, -0.054, -0.066
1974, 5, -0.002, , -0.060, -0.054, -0.066
1974, 6, 0.019, , -0.060, -0.054, -0.066
1974, 7, 0.018, , -0.059, -0.053, -0.065
1974, 8, 0.002, , -0.059, -0.053, -0.065
1974, 9, -0.044, , -0.059, -0.053, -0.065
1974, 10, -0.059, , -0.058, -0.052, -0.065
1974, 11, -0.081, , -0.058, -0.052, -0.064
1974, 12, -0.072, , -0.058, -0.052, -0.064
1975, 1, -0.084, , -0.058, -0.052, -0.064
1975, 2, 0.060, , -0.057, -0.051, -0.063
1975, 3, -0.034, , -0.057, -0.051, -0.063
1975, 4, -0.014, , -0.057, -0.051, -0.063
1975, 5, 0.053, , -0.057, -0.051, -0.063
1975, 6, 0.064, , -0.056, -0.050, -0.062
1975, 7, 0.018, , -0.056, -0.050, -0.062
1975, 8, -0.056, , -0.056, -0.050, -0.062
1975, 9, -0.053, , -0.056, -0.049, -0.062
1975, 10, -0.038, , -0.055, -0.049, -0.061
1975, 11, -0.060, , -0.055, -0.049, -0.061
1975, 12, 0.002, , -0.055, -0.049, -0.061
1976, 1, -0.135, , -0.054, -0.048, -0.061
1976, 2, -0.211, , -0.054, -0.048, -0.060
1976, 3, -0.080, , -0.054, -0.048, -0.060
1976, 4, -0.050, , -0.054, -0.048, -0.060
1976, 5, -0.041, , -0.053, -0.047, -0.060
1976, 6, 0.019, , -0.053, -0.047, -0.059
1976, 7, -0.046, , -0.053, -0.047, -0.059
1976, 8, -0.036, , -0.053, -0.046, -0.059
1976, 9, -0.124, , -0.052, -0.046, -0.058
1976, 10, -0.151, , -0.052, -0.046, -0.058
1976, 11, -0.151, , -0.052, -0.046, -0.058
1976, 12, -0.072, , -0.052, -0.045, -0.058
1977, 1, -0.157, , -0.051, -0.045, -0.057
1977, 2, -0.181, , -0.051, -0.045, -0.057
1977, 3, -0.028, , -0.051, -0.045, -0.057
1977, 4, -0.111, , -0.050, -0.044, -0.057
1977, 5, -0.023, , -0.050, -0.044, -0.056
1977, 6, -0.006, , -0.050, -0.044, -0.056
1977, 7, -0.080, , -0.050, -0.043, -0.056
1977, 8, -0.056, , -0.049, -0.043, -0.056
1977, 9, -0.114, , -0.049, -0.043, -0.055
1977, 10, -0.178, , -0.049, -0.043, -0.055
1977, 11, 0.010, , -0.049, -0.042, -0.055
1977, 12, -0.038, , -0.048, -0.042, -0.055
1978, 1, -0.157, , -0.048, -0.042, -0.054
1978, 2, 0.005, , -0.048, -0.042, -0.054
1978, 3, -0.034, , -0.048, -0.041, -0.054
1978, 4, -0.038, , -0.047, -0.041, -0.053
1978, 5, -0.087, , -0.047, -0.041, -0.053
1978, 6, -0.076, , -0.047, -0.040, -0.053
1978, 7, -0.046, , -0.046, -0.040, -0.053
1978, 8, -0.094, , -0.046, -0.040, -0.052
1978, 9, -0.035, , -0.046, -0.040, -0.052
1978, 10, -0.068, , -0.046, -0.039, -0.052
1978, 11, 0.032, , -0.045, -0.039, -0.052
1978, 12, -0.098, , -0.045, -0.039, -0.051
1979, 1, -0.172, , -0.045, -0.039, -0.051
1979, 2, -0.092, , -0.045, -0.038, -0.051
1979, 3, -0.089, , -0.044, -0.038, -0.051
1979, 4, -0.056, , -0.044, -0.038, -0.050
1979, 5, -0.102, , -0.044, -0.037, -0.050
1979, 6, -0.012, , -0.043, -0.037, -0.050
1979, 7, 0.006, , -0.043, -0.037, -0.050
1979, 8, -0.084, , -0.043, -0.037, -0.049
1979, 9, -0.050, , -0.043, -0.036, -0.049
1979, 10, -0.142, , -0.042, -0.036, -0.049
1979, 11, -0.109, , -0.042, -0.036, -0.049
1979, 12, -0.032, , -0.042, -0.036, -0.048
1980, 1, 0.081, , -0.042, -0.035, -0.048
1980, 2, 0.020, , -0.041, -0.035, -0.048
1980, 3, -0.050, , -0.041, -0.035, -0.047
1980, 4, -0.032, , -0.041, -0.034, -0.047
1980, 5, -0.011, , -0.041, -0.034, -0.047
1980, 6, -0.033, , -0.040, -0.034, -0.047
1980, 7, -0.070, , -0.040, -0.034, -0.046
1980, 8, -0.158, , -0.040, -0.033, -0.046
1980, 9, -0.145, , -0.039, -0.033, -0.046
1980, 10, -0.169, , -0.039, -0.033, -0.046
1980, 11, -0.118, , -0.039, -0.032, -0.045
1980, 12, -0.056, , -0.039, -0.032, -0.045
1981, 1, -0.087, , -0.038, -0.032, -0.045
1981, 2, -0.111, , -0.038, -0.032, -0.045
1981, 3, -0.086, , -0.038, -0.031, -0.044
1981, 4, -0.114, , -0.038, -0.031, -0.044
1981, 5, -0.047, , -0.037, -0.031, -0.044
1981, 6, -0.176, , -0.037, -0.031, -0.044
1981, 7, -0.025, , -0.037, -0.030, -0.043
1981, 8, -0.038, , -0.037, -0.030, -0.043
1981, 9, -0.114, , -0.036, -0.030, -0.043
1981, 10, -0.175, , -0.036, -0.029, -0.043
1981, 11, -0.011, , -0.036, -0.029, -0.042
1981, 12, -0.108, , -0.035, -0.029, -0.042
1982, 1, -0.148, , -0.035, -0.029, -0.042
1982, 2, -0.083, , -0.035, -0.028, -0.042
1982, 3, -0.001, , -0.035, -0.028, -0.041
1982, 4, -0.096, , -0.034, -0.028, -0.041
1982, 5, -0.099, , -0.034, -0.028, -0.041
1982, 6, -0.006, , -0.034, -0.027, -0.040
1982, 7, -0.058, , -0.034, -0.027, -0.040
1982, 8, -0.084, , -0.033, -0.027, -0.040
1982, 9, -0.108, , -0.033, -0.026, -0.040
1982, 10, -0.047, , -0.033, -0.026, -0.039
1982, 11, 0.029, , -0.033, -0.026, -0.039
1982, 12, 0.054, , -0.032, -0.026, -0.039
1983, 1, 0.151, , -0.032, -0.025, -0.039
1983, 2, 0.109, , -0.032, -0.025, -0.038
1983, 3, 0.100, , -0.031, -0.025, -0.038
1983, 4, 0.005, , -0.031, -0.024, -0.038
1983, 5, -0.087, , -0.031, -0.024, -0.038
1983, 6, 0.016, , -0.031, -0.024, -0.037
1983, 7, 0.033, , -0.030, -0.024, -0.037
1983, 8, -0.062, , -0.030, -0.023, -0.037
1983, 9, -0.035, , -0.030, -0.023, -0.037
1983, 10, 0.005, , -0.030, -0.023, -0.036
1983, 11, -0.029, , -0.029, -0.023, -0.036
1983, 12, -0.062, , -0.029, -0.022, -0.036
1984, 1, 0.063, , -0.029, -0.022, -0.036
1984, 2, -0.086, , -0.029, -0.022, -0.035
1984, 3, 0.011, , -0.028, -0.021, -0.035
1984, 4, 0.044, , -0.028, -0.021, -0.035
1984, 5, -0.093, , -0.028, -0.021, -0.035
1984, 6, -0.033, , -0.027, -0.021, -0.034
1984, 7, -0.101, , -0.027, -0.020, -0.034
1984, 8, -0.082, , -0.027, -0.020, -0.034
1984, 9, -0.044, , -0.027, -0.020, -0.033
1984, 10, 0.017, , -0.026, -0.020, -0.033
1984, 11, 0.065, , -0.026, -0.019, -0.033
1984, 12, 0.032, , -0.026, -0.019, -0.033
1985, 1, -0.016, , -0.026, -0.019, -0.032
1985, 2, -0.065, , -0.025, -0.018, -0.032
1985, 3, -0.037, , -0.025, -0.018, -0.032
1985, 4, -0.096, , -0.025, -0.018, -0.032
1985, 5, 0.008, , -0.024, -0.018, -0.031
1985, 6, -0.073, , -0.024, -0.017, -0.031
1985, 7, 0.024, , -0.024, -0.017, -0.031
1985, 8, 0.074, , -0.024, -0.017, -0.031
1985, 9, 0.001, , -0.023, -0.016, -0.030
1985, 10, 0.081, , -0.023, -0.016, -0.030
1985, 11, -0.014, , -0.023, -0.016, -0.030
1985, 12, -0.122, , -0.023, -0.016, -0.030
1986, 1, -0.062, , -0.022, -0.015, -0.029
1986, 2, 0.005, , -0.022, -0.015, -0.029
1986, 3, -0.089, , -0.022, -0.015, -0.029
1986, 4, 0.056, , -0.022, -0.015, -0.029
1986, 5, 0.044, , -0.021, -0.014, -0.028
1986, 6, 0.061, , -0.021, -0.014, -0.028
1986, 7, -0.012, , -0.021, -0.014, -0.028
1986, 8, -0.060, , -0.020, -0.013, -0.028
1986, 9, -0.063, , -0.020, -0.013, -0.027
1986, 10, -0.090, , -0.020, -0.013, -0.027
1986, 11, 0.035, , -0.020, -0.013, -0.027
1986, 12, 0.106, , -0.019, -0.012, -0.027
1987, 1, 0.054, , -0.019, -0.012, -0.026
1987, 2, 0.078, , -0.019, -0.012, -0.026
1987, 3, 0.118, , -0.019, -0.011, -0.026
1987, 4, -0.032, , -0.018, -0.011, -0.025
1987, 5, -0.035, , -0.018, -0.011, -0.025
1987, 6, -0.118, , -0.018, -0.011, -0.025
1987, 7, -0.006, , -0.018, -0.010, -0.025
1987, 8, -0.060, , -0.017, -0.010, -0.024
1987, 9, -0.090, , -0.017, -0.010, -0.024
1987, 10, -0.084, , -0.017, -0.010, -0.024
1987, 11, -0.035, , -0.016, -0.009, -0.024
1987, 12, -0.108, , -0.016, -0.009, -0.023
1988, 1, -0.029, , -0.016, -0.009, -0.023
1988, 2, -0.050, , -0.016, -0.008, -0.023
1988, 3, -0.098, , -0.015, -0.008, -0.023
1988, 4, -0.001, , -0.015, -0.008, -0.022
1988, 5, -0.084, , -0.015, -0.008, -0.022
1988, 6, -0.030, , -0.015, -0.007, -0.022
1988, 7, -0.092, , -0.014, -0.007, -0.022
1988, 8, -0.088, , -0.014, -0.007, -0.021
1988, 9, -0.060, , -0.014, -0.006, -0.021
1988, 10, -0.038, , -0.014, -0.006, -0.021
1988, 11, -0.096, , -0.013, -0.006, -0.021
1988, 12, -0.068, , -0.013, -0.006, -0.020
1989, 1, -0.010, , -0.013, -0.005, -0.020
1989, 2, -0.056, , -0.012, -0.005, -0.020
1989, 3, 0.054, , -0.012, -0.005, -0.020
1989, 4, -0.044, , -0.012, -0.005, -0.019
1989, 5, -0.069, , -0.012, -0.004, -0.019
1989, 6, -0.134, , -0.011, -0.004, -0.019
1989, 7, -0.052, , -0.011, -0.004, -0.019
1989, 8, -0.030, , -0.011, -0.003, -0.018
1989, 9, -0.015, , -0.011, -0.003, -0.018
1989, 10, -0.074, , -0.010, -0.003, -0.018
1989, 11, -0.139, , -0.010, -0.003, -0.018
1989, 12, -0.102, , -0.010, -0.002, -0.017
1990, 1, -0.151, , -0.010, -0.002, -0.017
1990, 2, -0.092, , -0.009, -0.002, -0.017
1990, 3, 0.030, , -0.009, -0.001, -0.016
1990, 4, -0.050, , -0.009, -0.001, -0.016
1990, 5, -0.069, , -0.008, -0.001, -0.016
1990, 6, -0.012, , -0.008, -0.001, -0.016
1990, 7, 0.003, , -0.008, -0.000, -0.015
1990, 8, 0.004, , -0.008, -0.000, -0.015
1990, 9, -0.017, , -0.007, 0.000, -0.015
1990, 10, -0.041, , -0.007, 0.000, -0.015
1990, 11, -0.002, , -0.007, 0.001, -0.014
1990, 12, -0.004, , -0.007, 0.001, -0.014
1991, 1, 0.112, , -0.006, 0.001, -0.014
1991, 2, -0.056, , -0.006, 0.002, -0.014
1991, 3, 0.033, , -0.006, 0.002, -0.013
1991, 4, -0.001, , -0.006, 0.002, -0.013
1991, 5, 0.047, , -0.005, 0.002, -0.013
1991, 6, 0.092, , -0.005, 0.003, -0.013
1991, 7, 0.064, , -0.005, 0.003, -0.012
1991, 8, 0.032, , -0.004, 0.003, -0.012
1991, 9, 0.050, , -0.004, 0.004, -0.012
1991, 10, 0.038, , -0.004, 0.004, -0.012
1991, 11, 0.022, , -0.004, 0.004, -0.011
1991, 12, -0.102, , -0.003, 0.004, -0.011
1992, 1, 0.020, , -0.003, 0.005, -0.011
1992, 2, 0.048, , -0.003, 0.005, -0.011
1992, 3, -0.074, , -0.003, 0.005, -0.010
1992, 4, 0.020, , -0.002, 0.006, -0.010
1992, 5, 0.075, , -0.002, 0.006, -0.010
1992, 6, 0.132, , -0.002, 0.006, -0.010
1992, 7, -0.019, , -0.001, 0.006, -0.009
1992, 8, -0.020, , -0.001, 0.007, -0.009
1992, 9, -0.002, , -0.001, 0.007, -0.009
1992, 10, 0.026, , -0.001, 0.007, -0.009
1992, 11, 0.038, , -0.000, 0.007, -0.008
1992, 12, -0.040, , -0.000, 0.008, -0.008
1993, 1, 0.148, , 0.000, 0.008, -0.008
1993, 2, 0.127, , 0.000, 0.008, -0.008
1993, 3, -0.047, , 0.001, 0.009, -0.007
1993, 4, 0.011, , 0.001, 0.009, -0.007
1993, 5, -0.026, , 0.001, 0.009, -0.007
1993, 6, -0.018, , 0.001, 0.009, -0.007
1993, 7, -0.013, , 0.002, 0.010, -0.006
1993, 8, 0.002, , 0.002, 0.010, -0.006
1993, 9, -0.072, , 0.002, 0.010, -0.006
1993, 10, 0.011, , 0.003, 0.011, -0.005
1993, 11, 0.007, , 0.003, 0.011, -0.005
1993, 12, 0.006, , 0.003, 0.011, -0.005
1994, 1, -0.068, , 0.003, 0.011, -0.005
1994, 2, 0.027, , 0.004, 0.012, -0.004
1994, 3, -0.011, , 0.004, 0.012, -0.004
1994, 4, -0.079, , 0.004, 0.012, -0.004
1994, 5, 0.052, , 0.004, 0.013, -0.004
1994, 6, -0.068, , 0.005, 0.013, -0.003
1994, 7, -0.079, , 0.005, 0.013, -0.003
1994, 8, -0.030, , 0.005, 0.013, -0.003
1994, 9, -0.019, , 0.005, 0.014, -0.003
1994, 10, 0.063, , 0.006, 0.014, -0.002
1994, 11, -0.020, , 0.006, 0.014, -0.002
1994, 12, 0.226, , 0.006, 0.014, -0.002
1995, 1, 0.034, , 0.007, 0.015, -0.002
1995, 2, -0.098, , 0.007, 0.015, -0.001
1995, 3, 0.090, , 0.007, 0.015, -0.001
1995, 4, 0.066, , 0.007, 0.016, -0.001
1995, 5, 0.062, , 0.008, 0.016, -0.001
1995, 6, 0.037, , 0.008, 0.016, -0.000
1995, 7, 0.044, , 0.008, 0.016, -0.000
1995, 8, 0.216, , 0.008, 0.017, 0.000
1995, 9, 0.128, , 0.009, 0.017, 0.000
1995, 10, 0.035, , 0.009, 0.017, 0.001
1995, 11, -0.035, , 0.009, 0.018, 0.001
1995, 12, 0.048, , 0.009, 0.018, 0.001
1996, 1, -0.000, , 0.010, 0.018, 0.001
1996, 2, -0.082, , 0.010, 0.018, 0.002
1996, 3, -0.093, , 0.010, 0.019, 0.002
1996, 4, -0.094, , 0.011, 0.019, 0.002
1996, 5, -0.051, , 0.011, 0.019, 0.002
1996, 6, -0.042, , 0.011, 0.020, 0.003
1996, 7, -0.076, , 0.011, 0.020, 0.003
1996, 8, -0.006, , 0.012, 0.020, 0.003
1996, 9, -0.035, , 0.012, 0.020, 0.003
1996, 10, 0.034, , 0.012, 0.021, 0.004
1996, 11, 0.030, , 0.012, 0.021, 0.004
1996, 12, 0.028, , 0.013, 0.021, 0.004
1997, 1, -0.000, , 0.013, 0.021, 0.004
1997, 2, 0.044, , 0.013, 0.022, 0.005
1997, 3, 0.038, , 0.013, 0.022, 0.005
1997, 4, 0.110, , 0.014, 0.022, 0.005
1997, 5, -0.022, , 0.014, 0.023, 0.005
1997, 6, 0.093, , 0.014, 0.023, 0.006
1997, 7, 0.076, , 0.015, 0.023, 0.006
1997, 8, 0.078, , 0.015, 0.023, 0.006
1997, 9, 0.029, , 0.015, 0.024, 0.006
1997, 10, -0.034, , 0.015, 0.024, 0.007
1997, 11, -0.076, , 0.016, 0.024, 0.007
1997, 12, -0.016, , 0.016, 0.025, 0.007
1998, 1, 0.040, , 0.016, 0.025, 0.007
1998, 2, 0.204, , 0.016, 0.025, 0.008
1998, 3, 0.024, , 0.017, 0.025, 0.008
1998, 4, 0.026, , 0.017, 0.026, 0.008
1998, 5, 0.071, , 0.017, 0.026, 0.009
1998, 6, -0.065, , 0.018, 0.026, 0.009
1998, 7, -0.039, , 0.018, 0.027, 0.009
1998, 8, -0.024, , 0.018, 0.027, 0.009
1998, 9, -0.082, , 0.018, 0.027, 0.010
1998, 10, -0.096, , 0.019, 0.027, 0.010
1998, 11, -0.083, , 0.019, 0.028, 0.010
1998, 12, 0.010, , 0.019, 0.028, 0.010
1999, 1, 0.037, , 0.019, 0.028, 0.011
1999, 2, 0.159, , 0.020, 0.028, 0.011
1999, 3, 0.044, , 0.020, 0.029, 0.011
1999, 4, 0.048, , 0.020, 0.029, 0.011
1999, 5, 0.084, , 0.020, 0.029, 0.012
1999, 6, 0.048, , 0.021, 0.030, 0.012
1999, 7, 0.028, , 0.021, 0.030, 0.012
1999, 8, 0.100, , 0.021, 0.030, 0.012
1999, 9, 0.120, , 0.022, 0.030, 0.013
1999, 10, 0.081, , 0.022, 0.031, 0.013
1999, 11, 0.013, , 0.022, 0.031, 0.013
1999, 12, 0.056, , 0.022, 0.031, 0.013
2000, 1, 0.035, , 0.023, 0.032, 0.014
2000, 2, -0.036, , 0.023, 0.032, 0.014
2000, 3, 0.058, , 0.023, 0.032, 0.014
2000, 4, 0.012, , 0.023, 0.032, 0.014
2000, 5, 0.006, , 0.024, 0.033, 0.015
2000, 6, -0.026, , 0.024, 0.033, 0.015
2000, 7, 0.115, , 0.024, 0.033, 0.015
2000, 8, 0.100, , 0.024, 0.034, 0.015
2000, 9, 0.077, , 0.025, 0.034, 0.016
2000, 10, 0.056, , 0.025, 0.034, 0.016
2000, 11, 0.059, , 0.025, 0.034, 0.016
2000, 12, -0.012, , 0.026, 0.035, 0.016
2001, 1, -0.057, , 0.026, 0.035, 0.017
2001, 2, -0.064, , 0.026, 0.035, 0.017
2001, 3, 0.048, , 0.026, 0.036, 0.017
2001, 4, -0.063, , 0.027, 0.036, 0.017
2001, 5, 0.041, , 0.027, 0.036, 0.018
2001, 6, -0.050, , 0.027, 0.036, 0.018
2001, 7, 0.067, , 0.027, 0.037, 0.018
2001, 8, -0.026, , 0.028, 0.037, 0.018
2001, 9, 0.041, , 0.028, 0.037, 0.019
2001, 10, 0.008, , 0.028, 0.037, 0.019
2001, 11, 0.037, , 0.028, 0.038, 0.019
2001, 12, 0.046, , 0.029, 0.038, 0.019
2002, 1, -0.105, , 0.029, 0.038, 0.020
2002, 2, -0.001, , 0.029, 0.039, 0.020
2002, 3, -0.000, , 0.030, 0.039, 0.020
2002, 4, 0.052, , 0.030, 0.039, 0.020
2002, 5, 0.021, , 0.030, 0.039, 0.021
2002, 6, 0.072, , 0.030, 0.040, 0.021
2002, 7, 0.015, , 0.031, 0.040, 0.021
2002, 8, 0.116, , 0.031, 0.040, 0.021
2002, 9, 0.060, , 0.031, 0.041, 0.022
2002, 10, 0.074, , 0.031, 0.041, 0.022
2002, 11, -0.047, , 0.032, 0.041, 0.022
2002, 12, -0.030, , 0.032, 0.041, 0.022
2003, 1, -0.076, , 0.032, 0.042, 0.023
2003, 2, -0.069, , 0.032, 0.042, 0.023
2003, 3, 0.129, , 0.033, 0.042, 0.023
2003, 4, 0.127, , 0.033, 0.043, 0.023
2003, 5, 0.024, , 0.033, 0.043, 0.024
2003, 6, -0.034, , 0.034, 0.043, 0.024
2003, 7, -0.120, , 0.034, 0.043, 0.024
2003, 8, -0.110, , 0.034, 0.044, 0.025
2003, 9, 0.066, , 0.034, 0.044, 0.025
2003, 10, 0.018, , 0.035, 0.044, 0.025
2003, 11, 0.037, , 0.035, 0.045, 0.025
2003, 12, -0.002, , 0.035, 0.045, 0.026
2004, 1, -0.007, , 0.035, 0.045, 0.026
2004, 2, 0.042, , 0.036, 0.045, 0.026
2004, 3, -0.019, , 0.036, 0.046, 0.026
2004, 4, -0.082, , 0.036, 0.046, 0.027
2004, 5, -0.100, , 0.037, 0.046, 0.027
2004, 6, -0.045, , 0.037, 0.047, 0.027
2004, 7, 0.024, , 0.037, 0.047, 0.027
2004, 8, -0.014, , 0.037, 0.047, 0.028
2004, 9, 0.008, , 0.038, 0.047, 0.028
2004, 10, 0.044, , 0.038, 0.048, 0.028
2004, 11, -0.000, , 0.038, 0.048, 0.028
2004, 12, -0.062, , 0.038, 0.048, 0.029
2005, 1, 0.107, , 0.039, 0.048, 0.029
2005, 2, 0.128, , 0.039, 0.049, 0.029
2005, 3, -0.007, , 0.039, 0.049, 0.029
2005, 4, 0.052, , 0.039, 0.049, 0.030
2005, 5, 0.076, , 0.040, 0.050, 0.030
2005, 6, 0.066, , 0.040, 0.050, 0.030
2005, 7, 0.026, , 0.040, 0.050, 0.030
2005, 8, 0.098, , 0.041, 0.050, 0.031
2005, 9, 0.118, , 0.041, 0.051, 0.031
2005, 10, 0.080, , 0.041, 0.051, 0.031
2005, 11, -0.057, , 0.041, 0.051, 0.031
2005, 12, -0.048, , 0.042, 0.052, 0.032
2006, 1, 0.008, , 0.042, 0.052, 0.032
2006, 2, -0.027, , 0.042, 0.052, 0.032
2006, 3, 0.024, , 0.042, 0.052, 0.032
2006, 4, -0.010, , 0.043, 0.053, 0.033
2006, 5, 0.059, , 0.043, 0.053, 0.033
2006, 6, -0.012, , 0.043, 0.053, 0.033
2006, 7, -0.036, , 0.043, 0.054, 0.033
2006, 8, 0.026, , 0.044, 0.054, 0.034
2006, 9, 0.042, , 0.044, 0.054, 0.034
2006, 10, -0.034, , 0.044, 0.054, 0.034
2006, 11, 0.024, , 0.045, 0.055, 0.034
2006, 12, 0.028, , 0.045, 0.055, 0.035
2007, 1, 0.016, , 0.045, 0.055, 0.035
2007, 2, -0.020, , 0.045, 0.056, 0.035
2007, 3, -0.012, , 0.046, 0.056, 0.035
2007, 4, 0.023, , 0.046, 0.056, 0.036
2007, 5, 0.096, , 0.046, 0.056, 0.036
2007, 6, 0.095, , 0.046, 0.057, 0.036
2007, 7, 0.101, , 0.047, 0.057, 0.036
2007, 8, 0.026, , 0.047, 0.057, 0.037
2007, 9, 0.080, , 0.047, 0.058, 0.037
2007, 10, 0.053, , 0.047, 0.058, 0.037
2007, 11, 0.004, , 0.048, 0.058, 0.037
2007, 12, -0.000, , 0.048, 0.058, 0.038
2008, 1, -0.037, , 0.048, 0.059, 0.038
2008, 2, -0.074, , 0.049, 0.059, 0.038
2008, 3, -0.073, , 0.049, 0.059, 0.038
2008, 4, 0.090, , 0.049, 0.059, 0.039
2008, 5, 0.052, , 0.049, 0.060, 0.039
2008, 6, -0.089, , 0.050, 0.060, 0.039
2008, 7, 0.031, , 0.050, 0.060, 0.039
2008, 8, 0.128, , 0.050, 0.061, 0.040
2008, 9, 0.133, , 0.050, 0.061, 0.040
2008, 10, 0.074, , 0.051, 0.061, 0.040
2008, 11, 0.041, , 0.051, 0.061, 0.040
2008, 12, -0.096, , 0.051, 0.062, 0.041
2009, 1, -0.102, , 0.051, 0.062, 0.041
2009, 2, -0.128, , 0.052, 0.062, 0.041
2009, 3, 0.025, , 0.052, 0.063, 0.041
2009, 4, -0.018, , 0.052, 0.063, 0.042
2009, 5, 0.016, , 0.053, 0.063, 0.042
2009, 6, 0.129, , 0.053, 0.063, 0.042
2009, 7, 0.069, , 0.053, 0.064, 0.042
2009, 8, -0.018, , 0.053, 0.064, 0.043
2009, 9, 0.201, , 0.054, 0.064, 0.043
2009, 10, 0.055, , 0.054, 0.065, 0.043
2009, 11, 0.210, , 0.054, 0.065, 0.043
2009, 12, 0.192, , 0.054, 0.065, 0.044
2010, 1, 0.074, , 0.055, 0.065, 0.044
2010, 2, 0.087, , 0.055, 0.066, 0.044
2010, 3, 0.120, , 0.055, 0.066, 0.044
2010, 4, -0.015, , 0.055, 0.066, 0.045
2010, 5, -0.036, , 0.056, 0.067, 0.045
2010, 6, -0.059, , 0.056, 0.067, 0.045
2010, 7, 0.017, , 0.056, 0.067, 0.045
2010, 8, 0.096, , 0.057, 0.067, 0.046
2010, 9, 0.050, , 0.057, 0.068, 0.046
2010, 10, -0.008, , 0.057, 0.068, 0.046
2010, 11, 0.052, , 0.057, 0.068, 0.046
2010, 12, -0.030, , 0.058, 0.069, 0.047
2011, 1, -0.027, , 0.058, 0.069, 0.047
2011, 2, -0.016, , 0.058, 0.069, 0.047
2011, 3, 0.066, , 0.058, 0.069, 0.048
2011, 4, -0.044, , 0.059, 0.070, 0.048
2011, 5, 0.020, , 0.059, 0.070, 0.048
2011, 6, 0.001, , 0.059, 0.070, 0.048
2011, 7, 0.085, , 0.060, 0.071, 0.049
2011, 8, 0.144, , 0.060, 0.071, 0.049
2011, 9, 0.038, , 0.060, 0.071, 0.049
2011, 10, 0.002, , 0.060, 0.071, 0.049
2011, 11, 0.033, , 0.061, 0.072, 0.050
2011, 12, 0.036, , 0.061, 0.072, 0.050
2012, 1, -0.049, , 0.061, 0.072, 0.050
2012, 2, 0.052, , 0.061, 0.072, 0.050
2012, 3, 0.018, , 0.062, 0.073, 0.051
2012, 4, 0.119, , 0.062, 0.073, 0.051
2012, 5, 0.118, , 0.062, 0.073, 0.051
2012, 6, 0.203, , 0.062, 0.074, 0.051
2012, 7, 0.052, , 0.063, 0.074, 0.052
2012, 8, 0.082, , 0.063, 0.074, 0.052
2012, 9, -0.004, , 0.063, 0.074, 0.052
2012, 10, 0.017, , 0.064, 0.075, 0.052
2012, 11, 0.178, , 0.064, 0.075, 0.053
2012, 12, 0.082, , 0.064, 0.075, 0.053
2013, 1, 0.085, , 0.064, 0.076, 0.053
2013, 2, 0.025, , 0.065, 0.076, 0.053
2013, 3, 0.083, , 0.065, 0.076, 0.054
2013, 4, 0.103, , 0.065, 0.076, 0.054
2013, 5, 0.089, , 0.065, 0.077, 0.054
2013, 6, -0.011, , 0.066, 0.077, 0.054
2013, 7, 0.065, , 0.066, 0.077, 0.055
2013, 8, 0.116, , 0.066, 0.078, 0.055
2013, 9, 0.068, , 0.066, 0.078, 0.055
2013, 10, 0.090, , 0.067, 0.078, 0.055
2013, 11, 0.079, , 0.067, 0.078, 0.056
2013, 12, 0.066, , 0.067, 0.079, 0.056
2014, 1, 0.070, , 0.068, 0.079, 0.056
2014, 2, 0.148, , 0.068, 0.079, 0.056
2014, 3, 0.157, , 0.068, 0.080, 0.057
2014, 4, 0.169, , 0.068, 0.080, 0.057
2014, 5, 0.081, , 0.069, 0.080, 0.057
2014, 6, 0.104, , 0.069, 0.080, 0.057
2014, 7, 0.149, , 0.069, 0.081, 0.058
2014, 8, 0.196, , 0.069, 0.081, 0.058
2014, 9, 0.177, , 0.070, 0.081, 0.058
2014, 10, 0.040, , 0.070, 0.082, 0.058
2014, 11, 0.086, , 0.070, 0.082, 0.059
2014, 12, 0.178, , 0.070, 0.082, 0.059
2015, 1, 0.166, , 0.071, 0.082, 0.059
2015, 2, 0.156, , 0.071, 0.083, 0.059
2015, 3, 0.109, , 0.071, 0.083, 0.060
2015, 4, 0.106, , 0.072, 0.083, 0.060
2015, 5, 0.102, , 0.072, 0.084, 0.060
2015, 6, 0.001, , 0.072, 0.084, 0.060
2015, 7, 0.133, , 0.072, 0.084, 0.061
2015, 8, 0.130, , 0.073, 0.084, 0.061
2015, 9, 0.105, , 0.073, 0.085, 0.061
2015, 10, 0.258, , 0.073, 0.085, 0.061
2015, 11, 0.197, , 0.073, 0.085, 0.062
2015, 12, 0.222, , 0.074, 0.086, 0.062
2016, 1, 0.210, , 0.074, 0.086, 0.062
2016, 2, 0.128, , 0.074, 0.086, 0.062
2016, 3, 0.136, , 0.074, 0.086, 0.063
2016, 4, 0.184, , 0.075, 0.087, 0.063
2016, 5, 0.123, , 0.075, 0.087, 0.063
2016, 6, 0.193, , 0.075, 0.087, 0.063
2016, 7, 0.058, , 0.076, 0.087, 0.064
2016, 8, 0.090, , 0.076, 0.088, 0.064
2016, 9, 0.050, , 0.076, 0.088, 0.064
2016, 10, 0.202, , 0.076, 0.088, 0.064
2016, 11, 0.188, , 0.077, 0.089, 0.065
2016, 12, , , 0.077, 0.089, 0.065
2017, 1, , , 0.077, 0.089, 0.065
2017, 2, , , 0.077, 0.089, 0.065
2017, 3, , , 0.078, 0.090, 0.066
2017, 4, , , 0.078, 0.090, 0.066
2017, 5, , , 0.078, 0.090, 0.066
2017, 6, , , 0.079, 0.091, 0.066
2017, 7, , , 0.079, 0.091, 0.067
2017, 8, , , 0.079, 0.091, 0.067
2017, 9, , , 0.079, 0.091, 0.067
2017, 10, , , 0.080, 0.092, 0.067
2017, 11, , , 0.080, 0.092, 0.068
2017, 12, , , 0.080, 0.092, 0.068
2018, 1, , , 0.080, 0.093, 0.068
2018, 2, , , 0.081, 0.093, 0.068
2018, 3, , , 0.081, 0.093, 0.069
2018, 4, , , 0.081, 0.093, 0.069
2018, 5, , , 0.081, 0.094, 0.069
2018, 6, , , 0.082, 0.094, 0.069
2018, 7, , , 0.082, 0.094, 0.070
2018, 8, , , 0.082, 0.095, 0.070
2018, 9, , , 0.083, 0.095, 0.070
2018, 10, , , 0.083, 0.095, 0.070
2018, 11, , , 0.083, 0.095, 0.071
2018, 12, , , 0.083, 0.096, 0.071
2019, 1, , , 0.084, 0.096, 0.071
2019, 2, , , 0.084, 0.096, 0.071
2019, 3, , , 0.084, 0.097, 0.072
2019, 4, , , 0.084, 0.097, 0.072
2019, 5, , , 0.085, 0.097, 0.072
2019, 6, , , 0.085, 0.097, 0.072
2019, 7, , , 0.085, 0.098, 0.073
2019, 8, , , 0.085, 0.098, 0.073
2019, 9, , , 0.086, 0.098, 0.073
2019, 10, , , 0.086, 0.099, 0.073
2019, 11, , , 0.086, 0.099, 0.074
2019, 12, , , 0.087, 0.099, 0.074
2020, 1, , , 0.087, 0.099, 0.074
2020, 2, , , 0.087, 0.100, 0.074
2020, 3, , , 0.087, 0.100, 0.075
2020, 4, , , 0.088, 0.100, 0.075
2020, 5, , , 0.088, 0.101, 0.075
2020, 6, , , 0.088, 0.101, 0.075
2020, 7, , , 0.088, 0.101, 0.076
2020, 8, , , 0.089, 0.101, 0.076
2020, 9, , , 0.089, 0.102, 0.076
2020, 10, , , 0.089, 0.102, 0.076
2020, 11, , , 0.089, 0.102, 0.077
2020, 12, , , 0.090, 0.103, 0.077
