Index,Variant,"Major area, region, country or area",Notes,Country code,2015,2020,2025,2030,2035,2040,2045,2050,2055,2060,2065,2070,2075,2080,2085,2090,2095,2100
1,Median PI,WORLD,,900, 7 349 472, 7 758 157, 8 141 661, 8 500 766, 8 838 908, 9 157 234, 9 453 892, 9 725 148, 9 968 809, 10 184 290, 10 375 719, 10 547 989, 10 701 653, 10 836 635, 10 953 525, 11 055 270, 11 142 461, 11 213 317
2,Median PI,More developed regions,a,901, 1 251 351, 1 266 360, 1 277 210, 1 283 920, 1 287 051, 1 287 935, 1 287 580, 1 286 422, 1 284 201, 1 281 157, 1 277 841, 1 275 152, 1 273 684, 1 273 523, 1 274 322, 1 275 552, 1 276 683, 1 277 379
3,Median PI,Less developed regions,b,902, 6 098 121, 6 491 797, 6 864 451, 7 216 847, 7 551 857, 7 869 299, 8 166 312, 8 438 726, 8 684 607, 8 903 133, 9 097 878, 9 272 837, 9 427 969, 9 563 112, 9 679 203, 9 779 718, 9 865 777, 9 935 938
4,Median PI,Least developed countries,c,941,  954 158, 1 070 680, 1 194 702, 1 325 694, 1 462 796, 1 604 725, 1 749 973, 1 896 921, 2 044 313, 2 190 644, 2 334 510, 2 474 541, 2 609 333, 2 737 376, 2 857 794, 2 969 892, 3 073 149, 3 167 116
5,Median PI,"Less developed regions, excluding least developed countries",d,934, 5 143 963, 5 421 116, 5 669 749, 5 891 153, 6 089 061, 6 264 575, 6 416 339, 6 541 805, 6 640 295, 6 712 488, 6 763 368, 6 798 295, 6 818 636, 6 825 735, 6 821 409, 6 809 826, 6 792 628, 6 768 822
6,Median PI,"Less developed regions, excluding China",,948, 4 690 815, 5 057 356, 5 417 821, 5 769 515, 6 111 914, 6 443 373, 6 761 090, 7 060 907, 7 340 616, 7 598 505, 7 834 333, 8 049 409, 8 243 404, 8 416 541, 8 568 938, 8 702 135, 8 815 764, 8 910 082
7,Median PI,High-income countries,e,1503, 1 401 479, 1 431 215, 1 455 448, 1 474 557, 1 488 948, 1 499 524, 1 507 184, 1 512 496, 1 515 280, 1 515 997, 1 515 398, 1 514 393, 1 513 595, 1 513 226, 1 513 169, 1 513 185, 1 512 886, 1 512 091
8,Median PI,Middle-income countries,e,1517, 5 306 283, 5 597 099, 5 861 087, 6 098 849, 6 313 888, 6 507 385, 6 677 875, 6 822 476, 6 940 394, 7 031 941, 7 101 806, 7 155 381, 7 194 012, 7 218 894, 7 231 713, 7 236 398, 7 234 497, 7 224 894
9,Median PI,Upper-middle-income countries,e,1502, 2 390 125, 2 468 631, 2 525 476, 2 566 850, 2 596 525, 2 615 749, 2 624 357, 2 621 635, 2 607 310, 2 582 143, 2 550 543, 2 516 162, 2 480 151, 2 442 861, 2 405 448, 2 370 088, 2 338 174, 2 308 174
10,Median PI,Lower-middle-income countries,e,1501, 2 916 158, 3 128 467, 3 335 611, 3 531 999, 3 717 363, 3 891 635, 4 053 518, 4 200 842, 4 333 084, 4 449 798, 4 551 262, 4 639 218, 4 713 862, 4 776 032, 4 826 265, 4 866 310, 4 896 323, 4 916 720
11,Median PI,Low-income countries,e,1500,  638 735,  726 696,  821 812,  923 887, 1 032 448, 1 146 566, 1 264 956, 1 386 201, 1 509 078, 1 632 223, 1 754 320, 1 873 959, 1 989 731, 2 100 150, 2 204 237, 2 301 252, 2 390 626, 2 471 875
12,Median PI,Sub-Saharan Africa,f,947,  962 287, 1 095 658, 1 240 321, 1 396 853, 1 565 052, 1 743 673, 1 930 497, 2 123 232, 2 319 938, 2 518 616, 2 717 268, 2 913 954, 3 106 395, 3 292 151, 3 469 178, 3 636 141, 3 791 588, 3 934 829
13,Median PI,AFRICA,,903, 1 186 178, 1 340 103, 1 504 213, 1 679 301, 1 865 922, 2 063 030, 2 267 856, 2 477 536, 2 689 773, 2 902 500, 3 113 841, 3 321 968, 3 524 628, 3 719 492, 3 904 528, 4 078 374, 4 239 338, 4 386 591
14,Median PI,Eastern Africa,,910,  394 477,  451 393,  512 821,  578 804,  649 067,  723 008,  799 709,  878 236,  957 666, 1 037 041, 1 115 585, 1 192 477, 1 266 853, 1 337 843, 1 404 810, 1 467 261, 1 524 727, 1 576 955
15,Median PI,Burundi,,108,  11 179,  13 126,  15 177,  17 357,  19 777,  22 505,  25 505,  28 668,  31 911,  35 235,  38 681,  42 249,  45 868,  49 450,  52 934,  56 315,  59 560,  62 662
16,Median PI,Comoros,,174,   788,   883,   981,  1 081,  1 184,  1 290,  1 397,  1 502,  1 605,  1 705,  1 801,  1 892,  1 978,  2 058,  2 131,  2 197,  2 255,  2 307
17,Median PI,Djibouti,,262,   888,   947,  1 003,  1 054,  1 097,  1 133,  1 163,  1 186,  1 203,  1 212,  1 214,  1 210,  1 201,  1 189,  1 176,  1 161,  1 145,  1 126
18,Median PI,Eritrea,,232,  5 228,  5 892,  6 585,  7 311,  8 077,  8 870,  9 660,  10 421,  11 150,  11 845,  12 504,  13 122,  13 685,  14 190,  14 636,  15 020,  15 345,  15 616
19,Median PI,Ethiopia,,231,  99 391,  111 971,  125 044,  138 297,  151 431,  164 270,  176 663,  188 455,  199 466,  209 459,  218 270,  225 774,  231 879,  236 555,  239 847,  241 853,  242 731,  242 644
20,Median PI,Kenya,,404,  46 050,  52 187,  58 610,  65 412,  72 600,  80 091,  87 771,  95 505,  103 198,  110 757,  118 096,  125 137,  131 802,  137 988,  143 635,  148 681,  153 092,  156 856
21,Median PI,Madagascar,,450,  24 235,  27 799,  31 728,  35 960,  40 450,  45 177,  50 139,  55 294,  60 597,  65 972,  71 361,  76 740,  82 037,  87 187,  92 146,  96 877,  101 342,  105 499
22,Median PI,Malawi,,454,  17 215,  20 022,  23 134,  26 584,  30 331,  34 360,  38 651,  43 155,  47 810,  52 546,  57 304,  62 024,  66 667,  71 182,  75 529,  79 657,  83 511,  87 056
23,Median PI,Mauritius,1,480,  1 273,  1 291,  1 304,  1 310,  1 307,  1 295,  1 274,  1 249,  1 222,  1 194,  1 166,  1 136,  1 104,  1 071,  1 038,  1 007,   978,   952
24,Median PI,Mayotte,,175,   240,   273,   308,   344,   382,   421,   460,   497,   533,   567,   599,   629,   657,   682,   705,   724,   740,   752
25,Median PI,Mozambique,,508,  27 978,  31 993,  36 462,  41 437,  46 896,  52 777,  59 009,  65 544,  72 293,  79 139,  86 003,  92 783,  99 401,  105 777,  111 842,  117 539,  122 818,  127 648
26,Median PI,Réunion,,638,   861,   892,   921,   947,   967,   981,   988,   989,   984,   976,   966,   956,   946,   935,   921,   906,   888,   870
27,Median PI,Rwanda,,646,  11 610,  12 997,  14 377,  15 785,  17 223,  18 644,  19 977,  21 187,  22 267,  23 222,  24 043,  24 714,  25 223,  25 576,  25 789,  25 873,  25 836,  25 692
28,Median PI,Seychelles,,690,   96,   99,   100,   101,   101,   101,   101,   100,   98,   96,   94,   92,   90,   88,   86,   84,   83,   81
29,Median PI,Somalia,,706,  10 787,  12 423,  14 344,  16 493,  18 844,  21 388,  24 119,  27 030,  30 101,  33 285,  36 541,  39 835,  43 139,  46 412,  49 603,  52 670,  55 582,  58 311
30,Median PI,South Sudan,,728,  12 340,  14 122,  15 951,  17 810,  19 747,  21 744,  23 786,  25 855,  27 920,  29 941,  31 882,  33 726,  35 446,  37 029,  38 462,  39 729,  40 822,  41 752
31,Median PI,Uganda,,800,  39 032,  45 856,  53 497,  61 929,  71 102,  80 904,  91 190,  101 873,  112 864,  124 029,  135 228,  146 276,  157 089,  167 483,  177 374,  186 650,  195 177,  202 868
32,Median PI,United Republic of Tanzania,2,834,  53 470,  62 267,  72 033,  82 927,  95 005,  108 174,  122 259,  137 136,  152 692,  168 831,  185 437,  202 342,  219 332,  236 225,  252 823,  268 963,  284 452,  299 133
33,Median PI,Zambia,,894,  16 212,  18 882,  21 892,  25 313,  29 141,  33 371,  37 990,  42 975,  48 282,  53 885,  59 754,  65 870,  72 182,  78 652,  85 212,  91 808,  98 380,  104 869
34,Median PI,Zimbabwe,,716,  15 603,  17 471,  19 370,  21 353,  23 405,  25 510,  27 606,  29 615,  31 472,  33 146,  34 642,  35 969,  37 128,  38 113,  38 922,  39 547,  39 991,  40 263
35,Median PI,Middle Africa,,911,  151 952,  175 950,  202 533,  231 643,  263 181,  296 859,  332 295,  369 090,  406 959,  445 483,  484 175,  522 572,  560 204,  596 519,  631 105,  663 585,  693 762,  721 296
36,Median PI,Angola,,24,  25 022,  29 245,  34 016,  39 351,  45 230,  51 581,  58 349,  65 473,  72 905,  80 565,  88 359,  96 196,  103 977,  111 604,  118 975,  126 014,  132 625,  138 738
37,Median PI,Cameroon,,120,  23 344,  26 333,  29 530,  32 947,  36 577,  40 398,  44 346,  48 362,  52 405,  56 430,  60 386,  64 222,  67 876,  71 320,  74 525,  77 448,  80 067,  82 382
38,Median PI,Central African Republic,,140,  4 900,  5 409,  5 942,  6 490,  7 051,  7 623,  8 204,  8 782,  9 343,  9 874,  10 367,  10 815,  11 216,  11 572,  11 881,  12 142,  12 353,  12 515
39,Median PI,Chad,,148,  14 037,  16 431,  19 075,  21 946,  25 010,  28 247,  31 631,  35 131,  38 718,  42 355,  46 013,  49 642,  53 205,  56 664,  59 981,  63 137,  66 126,  68 927
40,Median PI,Congo,,178,  4 620,  5 263,  5 983,  6 790,  7 681,  8 647,  9 668,  10 732,  11 837,  12 979,  14 152,  15 339,  16 527,  17 702,  18 852,  19 964,  21 021,  22 015
41,Median PI,Democratic Republic of the Congo,,180,  77 267,  90 169,  104 536,  120 304,  137 444,  155 794,  175 145,  195 277,  216 046,  237 217,  258 498,  279 644,  300 399,  320 393,  339 399,  357 191,  373 715,  388 733
42,Median PI,Equatorial Guinea,,226,   845,   971,  1 102,  1 238,  1 378,  1 521,  1 667,  1 816,  1 966,  2 113,  2 255,  2 391,  2 517,  2 634,  2 740,  2 834,  2 915,  2 984
43,Median PI,Gabon,,266,  1 725,  1 917,  2 116,  2 321,  2 531,  2 743,  2 955,  3 164,  3 364,  3 551,  3 724,  3 882,  4 024,  4 148,  4 255,  4 343,  4 413,  4 466
44,Median PI,Sao Tome and Principe,,678,   190,   211,   233,   256,   280,   305,   329,   353,   376,   399,   421,   442,   462,   480,   497,   512,   526,   538
45,Median PI,Northern Africa,,912,  223 892,  244 445,  263 892,  282 448,  300 870,  319 357,  337 359,  354 304,  369 835,  383 884,  396 573,  408 015,  418 232,  427 341,  435 350,  442 234,  447 750,  451 763
46,Median PI,Algeria,,12,  39 667,  43 008,  45 865,  48 274,  50 424,  52 496,  54 546,  56 461,  58 041,  59 183,  59 942,  60 454,  60 824,  61 115,  61 321,  61 422,  61 348,  61 060
47,Median PI,Egypt,,818,  91 508,  100 518,  108 939,  117 102,  125 589,  134 428,  143 064,  151 111,  158 493,  165 322,  171 682,  177 557,  182 841,  187 609,  191 832,  195 518,  198 544,  200 802
48,Median PI,Libya,,434,  6 278,  6 700,  7 086,  7 418,  7 713,  7 980,  8 207,  8 375,  8 474,  8 516,  8 523,  8 515,  8 500,  8 476,  8 432,  8 360,  8 260,  8 144
49,Median PI,Morocco,,504,  34 378,  36 444,  38 255,  39 787,  41 073,  42 148,  43 027,  43 696,  44 144,  44 364,  44 370,  44 184,  43 857,  43 414,  42 891,  42 298,  41 632,  40 888
50,Median PI,Sudan,,729,  40 235,  45 308,  50 740,  56 443,  62 331,  68 311,  74 307,  80 284,  86 212,  92 015,  97 630,  102 980,  108 002,  112 636,  116 893,  120 777,  124 251,  127 328
51,Median PI,Tunisia,,788,  11 254,  11 835,  12 320,  12 686,  12 955,  13 166,  13 342,  13 476,  13 541,  13 530,  13 452,  13 333,  13 201,  13 072,  12 949,  12 820,  12 671,  12 494
52,Median PI,Western Sahara,,732,   573,   631,   687,   738,   785,   828,   867,   901,   930,   955,   975,   992,  1 007,  1 020,  1 030,  1 039,  1 044,  1 047
53,Median PI,Southern Africa,,913,  62 634,  65 484,  67 897,  70 116,  72 246,  74 308,  76 260,  78 029,  79 510,  80 662,  81 509,  82 068,  82 352,  82 392,  82 226,  81 885,  81 382,  80 737
54,Median PI,Botswana,,72,  2 262,  2 460,  2 646,  2 817,  2 976,  3 126,  3 265,  3 389,  3 492,  3 573,  3 632,  3 674,  3 702,  3 719,  3 725,  3 720,  3 705,  3 681
55,Median PI,Lesotho,,426,  2 135,  2 258,  2 373,  2 486,  2 603,  2 728,  2 858,  2 987,  3 107,  3 210,  3 297,  3 368,  3 426,  3 472,  3 507,  3 531,  3 545,  3 548
56,Median PI,Namibia,,516,  2 459,  2 731,  3 002,  3 272,  3 539,  3 805,  4 068,  4 322,  4 560,  4 780,  4 979,  5 156,  5 309,  5 440,  5 547,  5 631,  5 692,  5 730
57,Median PI,South Africa,,710,  54 490,  56 669,  58 436,  60 034,  61 551,  63 001,  64 348,  65 540,  66 493,  67 183,  67 636,  67 865,  67 878,  67 703,  67 374,  66 920,  66 355,  65 696
58,Median PI,Swaziland,,748,  1 287,  1 366,  1 438,  1 507,  1 576,  1 648,  1 722,  1 792,  1 857,  1 915,  1 965,  2 005,  2 037,  2 059,  2 074,  2 082,  2 085,  2 082
59,Median PI,Western Africa,,914,  353 224,  402 831,  457 071,  516 290,  580 558,  649 499,  722 233,  797 877,  875 803,  955 430, 1 035 998, 1 116 836, 1 196 986, 1 275 397, 1 351 037, 1 423 409, 1 491 717, 1 555 840
60,Median PI,Benin,,204,  10 880,  12 361,  13 937,  15 593,  17 306,  19 050,  20 803,  22 549,  24 270,  25 946,  27 554,  29 070,  30 475,  31 756,  32 905,  33 915,  34 791,  35 544
61,Median PI,Burkina Faso,,854,  18 106,  20 861,  23 903,  27 244,  30 859,  34 695,  38 689,  42 789,  46 978,  51 221,  55 463,  59 648,  63 733,  67 641,  71 352,  74 818,  78 044,  80 990
62,Median PI,Cabo Verde,,132,   521,   553,   585,   614,   642,   667,   689,   707,   721,   730,   735,   735,   731,   724,   714,   704,   692,   680
63,Median PI,Côte d'Ivoire,,384,  22 702,  25 566,  28 717,  32 143,  35 857,  39 882,  44 204,  48 797,  53 643,  58 717,  63 964,  69 342,  74 797,  80 285,  85 724,  91 065,  96 233,  101 154
64,Median PI,Gambia,,270,  1 991,  2 326,  2 698,  3 105,  3 544,  4 010,  4 492,  4 981,  5 471,  5 954,  6 425,  6 878,  7 307,  7 705,  8 066,  8 385,  8 661,  8 896
65,Median PI,Ghana,,288,  27 410,  30 530,  33 678,  36 865,  40 123,  43 454,  46 799,  50 071,  53 203,  56 175,  59 003,  61 686,  64 188,  66 462,  68 477,  70 222,  71 733,  73 033
66,Median PI,Guinea,,324,  12 609,  14 355,  16 246,  18 276,  20 433,  22 700,  25 060,  27 486,  29 947,  32 411,  34 858,  37 242,  39 537,  41 723,  43 786,  45 702,  47 455,  49 049
67,Median PI,Guinea-Bissau,,624,  1 844,  2 068,  2 301,  2 541,  2 789,  3 045,  3 305,  3 564,  3 817,  4 061,  4 295,  4 518,  4 727,  4 919,  5 093,  5 246,  5 377,  5 489
68,Median PI,Liberia,,430,  4 503,  5 091,  5 728,  6 414,  7 140,  7 892,  8 661,  9 436,  10 215,  10 992,  11 757,  12 495,  13 201,  13 863,  14 474,  15 032,  15 533,  15 977
69,Median PI,Mali,,466,  17 600,  20 457,  23 702,  27 370,  31 441,  35 854,  40 535,  45 404,  50 427,  55 560,  60 739,  65 910,  71 005,  75 944,  80 646,  85 085,  89 191,  92 981
70,Median PI,Mauritania,,478,  4 068,  4 573,  5 107,  5 666,  6 248,  6 844,  7 446,  8 049,  8 649,  9 242,  9 824,  10 386,  10 923,  11 428,  11 896,  12 323,  12 711,  13 059
71,Median PI,Niger,,562,  19 899,  24 315,  29 645,  35 966,  43 358,  51 878,  61 523,  72 238,  83 917,  96 461,  109 747,  123 628,  137 935,  152 492,  167 078,  181 549,  195 693,  209 334
72,Median PI,Nigeria,,566,  182 202,  206 831,  233 558,  262 599,  293 965,  327 406,  362 396,  398 508,  435 496,  473 123,  510 994,  548 863,  586 278,  622 731,  657 740,  691 183,  722 636,  752 247
73,Median PI,Saint Helena,3,654,   4,   4,   4,   4,   4,   4,   4,   4,   4,   4,   4,   4,   4,   4,   4,   4,   4,   3
74,Median PI,Senegal,,686,  15 129,  17 487,  20 037,  22 802,  25 816,  29 086,  32 571,  36 223,  39 986,  43 835,  47 771,  51 782,  55 835,  59 886,  63 877,  67 762,  71 496,  75 042
75,Median PI,Sierra Leone,,694,  6 453,  7 160,  7 874,  8 598,  9 325,  10 041,  10 734,  11 392,  12 004,  12 562,  13 057,  13 484,  13 834,  14 105,  14 299,  14 422,  14 485,  14 489
76,Median PI,Togo,,768,  7 305,  8 294,  9 352,  10 489,  11 706,  12 991,  14 322,  15 681,  17 055,  18 434,  19 809,  21 163,  22 477,  23 728,  24 906,  25 993,  26 983,  27 873
77,Median PI,ASIA,,935, 4 393 296, 4 598 426, 4 774 708, 4 922 830, 5 045 488, 5 143 850, 5 218 033, 5 266 848, 5 290 517, 5 290 030, 5 270 626, 5 237 953, 5 194 087, 5 140 834, 5 080 577, 5 017 487, 4 953 893, 4 888 653
78,Median PI,Eastern Asia,,906, 1 612 287, 1 639 673, 1 651 108, 1 650 198, 1 640 321, 1 622 927, 1 598 308, 1 566 759, 1 528 656, 1 484 794, 1 439 026, 1 394 198, 1 350 905, 1 308 994, 1 269 248, 1 233 580, 1 203 375, 1 176 865
79,Median PI,China,4,156, 1 376 049, 1 402 848, 1 414 872, 1 415 545, 1 408 316, 1 394 715, 1 374 657, 1 348 056, 1 315 148, 1 276 757, 1 236 664, 1 197 533, 1 159 645, 1 122 569, 1 087 074, 1 055 073, 1 028 080, 1 004 392
80,Median PI,"China, Hong Kong SAR",5,344,  7 288,  7 557,  7 781,  7 951,  8 058,  8 107,  8 131,  8 148,  8 142,  8 109,  8 055,  7 991,  7 930,  7 887,  7 873,  7 883,  7 901,  7 924
81,Median PI,"China, Macao SAR",6,446,   588,   634,   679,   720,   754,   784,   811,   838,   863,   886,   906,   923,   938,   952,   967,   984,  1 003,  1 023
82,Median PI,Dem. People's Republic of Korea,,408,  25 155,  25 763,  26 292,  26 701,  26 943,  27 030,  27 007,  26 907,  26 756,  26 582,  26 395,  26 205,  26 001,  25 783,  25 559,  25 333,  25 095,  24 842
83,Median PI,Japan,,392,  126 573,  125 039,  122 840,  120 127,  117 063,  113 788,  110 521,  107 411,  104 453,  101 440,  98 291,  95 135,  92 267,  89 871,  87 848,  86 108,  84 577,  83 175
84,Median PI,Mongolia,,496,  2 959,  3 179,  3 364,  3 519,  3 657,  3 785,  3 909,  4 028,  4 135,  4 218,  4 281,  4 330,  4 372,  4 409,  4 437,  4 455,  4 472,  4 487
85,Median PI,Republic of Korea,,410,  50 293,  51 251,  51 982,  52 519,  52 715,  52 398,  51 649,  50 593,  49 321,  47 926,  46 515,  45 101,  43 699,  42 359,  41 139,  40 101,  39 219,  38 504
86,Median PI,Other non-specified areas,,158,  23 381,  23 402,  23 298,  23 116,  22 814,  22 320,  21 622,  20 778,  19 838,  18 876,  17 920,  16 980,  16 052,  15 163,  14 352,  13 643,  13 029,  12 518
87,Median PI,South-Central Asia,7,921, 1 890 288, 2 012 032, 2 124 700, 2 226 204, 2 316 048, 2 393 790, 2 459 650, 2 512 459, 2 552 024, 2 577 995, 2 591 154, 2 593 644, 2 586 502, 2 571 370, 2 549 572, 2 522 892, 2 491 812, 2 456 649
88,Median PI,Central Asia,,5500,  67 314,  71 872,  75 692,  78 827,  81 616,  84 263,  86 690,  88 664,  90 064,  90 944,  91 464,  91 773,  91 921,  91 908,  91 702,  91 314,  90 737,  90 000
89,Median PI,Kazakhstan,,398,  17 625,  18 616,  19 420,  20 072,  20 665,  21 265,  21 875,  22 447,  22 921,  23 282,  23 561,  23 814,  24 068,  24 325,  24 547,  24 693,  24 740,  24 712
90,Median PI,Kyrgyzstan,,417,  5 940,  6 384,  6 766,  7 097,  7 408,  7 713,  7 998,  8 248,  8 454,  8 618,  8 748,  8 854,  8 940,  9 009,  9 058,  9 085,  9 082,  9 046
91,Median PI,Tajikistan,,762,  8 482,  9 419,  10 300,  11 102,  11 878,  12 685,  13 511,  14 288,  14 973,  15 577,  16 133,  16 657,  17 136,  17 546,  17 884,  18 157,  18 381,  18 559
92,Median PI,Turkmenistan,,795,  5 374,  5 685,  5 952,  6 160,  6 316,  6 432,  6 513,  6 555,  6 555,  6 514,  6 437,  6 337,  6 223,  6 104,  5 981,  5 857,  5 731,  5 606
93,Median PI,Uzbekistan,,860,  29 893,  31 767,  33 254,  34 397,  35 349,  36 168,  36 792,  37 126,  37 160,  36 953,  36 585,  36 111,  35 554,  34 924,  34 233,  33 522,  32 803,  32 077
94,Median PI,Southern Asia,,5501, 1 822 974, 1 940 160, 2 049 008, 2 147 377, 2 234 432, 2 309 527, 2 372 960, 2 423 795, 2 461 960, 2 487 052, 2 499 690, 2 501 871, 2 494 581, 2 479 462, 2 457 869, 2 431 578, 2 401 075, 2 366 649
95,Median PI,Afghanistan,,4,  32 527,  36 443,  40 197,  43 852,  47 362,  50 602,  53 487,  55 955,  57 998,  59 619,  60 797,  61 507,  61 741,  61 518,  60 913,  60 007,  58 889,  57 638
96,Median PI,Bangladesh,,50,  160 996,  170 467,  179 063,  186 460,  192 500,  197 134,  200 381,  202 209,  202 703,  201 942,  200 020,  197 165,  193 549,  189 317,  184 679,  179 711,  174 618,  169 541
97,Median PI,Bhutan,,64,   775,   817,   855,   886,   911,   929,   942,   950,   952,   948,   938,   922,   903,   881,   858,   836,   814,   793
98,Median PI,India,,356, 1 311 051, 1 388 859, 1 461 625, 1 527 658, 1 585 350, 1 633 728, 1 673 619, 1 705 333, 1 729 354, 1 745 182, 1 752 843, 1 753 604, 1 747 946, 1 737 150, 1 722 039, 1 704 073, 1 683 339, 1 659 786
99,Median PI,Iran (Islamic Republic of),,364,  79 109,  83 403,  86 497,  88 529,  89 996,  91 205,  92 060,  92 219,  91 405,  89 617,  87 097,  84 217,  81 312,  78 601,  76 162,  73 941,  71 795,  69 637
100,Median PI,Maldives,,462,   364,   393,   417,   437,   453,   469,   483,   494,   501,   503,   501,   497,   490,   481,   470,   459,   448,   438
101,Median PI,Nepal,,524,  28 514,  30 184,  31 754,  33 104,  34 187,  35 027,  35 688,  36 159,  36 416,  36 439,  36 230,  35 797,  35 142,  34 283,  33 262,  32 110,  30 893,  29 677
102,Median PI,Pakistan,,586,  188 925,  208 437,  227 182,  244 916,  262 127,  278 987,  295 089,  309 640,  322 270,  332 978,  342 007,  349 490,  355 428,  359 782,  362 675,  364 284,  364 776,  364 283
103,Median PI,Sri Lanka,,144,  20 715,  21 157,  21 417,  21 536,  21 546,  21 446,  21 211,  20 836,  20 362,  19 824,  19 257,  18 672,  18 071,  17 450,  16 811,  16 158,  15 501,  14 857
104,Median PI,South-Eastern Asia,,920,  633 490,  667 627,  698 154,  724 848,  747 730,  766 623,  781 401,  792 139,  799 171,  803 096,  804 380,  803 509,  800 763,  796 385,  790 623,  783 929,  776 785,  769 404
105,Median PI,Brunei Darussalam,,96,   423,   450,   475,   496,   513,   528,   539,   546,   549,   549,   545,   538,   530,   522,   513,   505,   497,   489
106,Median PI,Cambodia,,116,  15 578,  16 809,  17 944,  18 991,  19 988,  20 939,  21 806,  22 545,  23 158,  23 656,  24 047,  24 315,  24 458,  24 485,  24 427,  24 316,  24 148,  23 928
107,Median PI,Indonesia,,360,  257 564,  271 857,  284 505,  295 482,  304 847,  312 439,  318 216,  322 237,  324 727,  326 038,  326 420,  326 116,  325 248,  323 864,  321 855,  319 316,  316 497,  313 648
108,Median PI,Lao People's Democratic Republic,,418,  6 802,  7 398,  7 966,  8 489,  8 973,  9 421,  9 826,  10 172,  10 456,  10 673,  10 825,  10 914,  10 941,  10 910,  10 832,  10 717,  10 578,  10 411
109,Median PI,Malaysia,8,458,  30 331,  32 374,  34 334,  36 107,  37 618,  38 853,  39 862,  40 725,  41 448,  41 995,  42 325,  42 418,  42 306,  42 059,  41 753,  41 437,  41 119,  40 778
110,Median PI,Myanmar,,104,  53 897,  56 242,  58 373,  60 242,  61 752,  62 804,  63 387,  63 575,  63 483,  63 171,  62 670,  61 990,  61 131,  60 122,  59 027,  57 956,  56 952,  56 026
111,Median PI,Philippines,,608,  100 699,  108 436,  116 151,  123 575,  130 556,  137 020,  142 921,  148 260,  152 971,  157 074,  160 518,  163 318,  165 484,  167 016,  168 033,  168 609,  168 814,  168 618
112,Median PI,Singapore,,702,  5 604,  6 007,  6 231,  6 418,  6 558,  6 647,  6 686,  6 681,  6 636,  6 561,  6 467,  6 360,  6 241,  6 116,  5 988,  5 859,  5 726,  5 593
113,Median PI,Thailand,,764,  67 959,  68 581,  68 637,  68 250,  67 442,  66 190,  64 507,  62 452,  60 133,  57 698,  55 277,  52 956,  50 748,  48 674,  46 719,  44 882,  43 169,  41 604
114,Median PI,Timor-Leste,,626,  1 185,  1 315,  1 445,  1 577,  1 712,  1 856,  2 009,  2 162,  2 309,  2 448,  2 581,  2 709,  2 831,  2 940,  3 036,  3 117,  3 182,  3 234
115,Median PI,Viet Nam,,704,  93 448,  98 157,  102 093,  105 220,  107 773,  109 925,  111 642,  112 783,  113 299,  113 233,  112 706,  111 875,  110 846,  109 677,  108 439,  107 215,  106 102,  105 076
116,Median PI,Western Asia,,922,  257 231,  279 094,  300 747,  321 580,  341 389,  360 511,  378 674,  395 491,  410 666,  424 144,  436 066,  446 603,  455 917,  464 084,  471 135,  477 085,  481 921,  485 736
117,Median PI,Armenia,,51,  3 018,  3 038,  3 029,  2 993,  2 940,  2 879,  2 809,  2 729,  2 638,  2 542,  2 440,  2 335,  2 228,  2 124,  2 028,  1 942,  1 865,  1 793
118,Median PI,Azerbaijan,9,31,  9 754,  10 241,  10 547,  10 727,  10 860,  10 961,  11 001,  10 963,  10 872,  10 749,  10 609,  10 457,  10 298,  10 142,  10 004,  9 883,  9 764,  9 636
119,Median PI,Bahrain,,48,  1 377,  1 486,  1 571,  1 642,  1 705,  1 759,  1 797,  1 822,  1 834,  1 834,  1 824,  1 805,  1 778,  1 746,  1 711,  1 674,  1 638,  1 602
120,Median PI,Cyprus,10,196,  1 165,  1 218,  1 262,  1 300,  1 332,  1 359,  1 383,  1 402,  1 416,  1 425,  1 428,  1 425,  1 418,  1 410,  1 401,  1 395,  1 390,  1 386
121,Median PI,Georgia,11,268,  4 000,  3 977,  3 934,  3 868,  3 779,  3 680,  3 584,  3 483,  3 371,  3 247,  3 118,  2 992,  2 876,  2 772,  2 678,  2 593,  2 514,  2 438
122,Median PI,Iraq,,368,  36 423,  41 972,  47 797,  54 071,  60 873,  68 127,  75 758,  83 652,  91 728,  99 958,  108 331,  116 776,  125 199,  133 507,  141 608,  149 428,  156 882,  163 905
123,Median PI,Israel,,376,  8 064,  8 718,  9 359,  9 998,  10 646,  11 301,  11 962,  12 610,  13 228,  13 808,  14 354,  14 873,  15 366,  15 833,  16 267,  16 655,  16 995,  17 285
124,Median PI,Jordan,,400,  7 595,  8 167,  8 547,  9 109,  9 808,  10 492,  11 137,  11 717,  12 217,  12 644,  13 013,  13 335,  13 612,  13 835,  14 000,  14 105,  14 154,  14 147
125,Median PI,Kuwait,,414,  3 892,  4 317,  4 672,  4 987,  5 252,  5 499,  5 725,  5 924,  6 081,  6 193,  6 266,  6 314,  6 355,  6 394,  6 432,  6 462,  6 481,  6 484
126,Median PI,Lebanon,,422,  5 851,  5 891,  5 408,  5 292,  5 429,  5 517,  5 573,  5 610,  5 631,  5 629,  5 592,  5 517,  5 407,  5 273,  5 129,  4 988,  4 857,  4 741
127,Median PI,Oman,,512,  4 491,  4 816,  5 058,  5 238,  5 376,  5 507,  5 659,  5 844,  5 986,  6 070,  6 100,  6 092,  6 064,  6 023,  5 972,  5 909,  5 835,  5 751
128,Median PI,Qatar,,634,  2 235,  2 452,  2 640,  2 781,  2 902,  3 013,  3 115,  3 205,  3 278,  3 332,  3 367,  3 381,  3 377,  3 352,  3 312,  3 262,  3 213,  3 170
129,Median PI,Saudi Arabia,,682,  31 540,  34 366,  36 847,  39 132,  41 235,  43 136,  44 763,  46 059,  47 021,  47 686,  48 144,  48 453,  48 649,  48 722,  48 654,  48 427,  48 059,  47 586
130,Median PI,State of Palestine,12,275,  4 668,  5 333,  6 040,  6 765,  7 504,  8 259,  9 025,  9 791,  10 544,  11 273,  11 970,  12 628,  13 241,  13 804,  14 317,  14 776,  15 175,  15 516
131,Median PI,Syrian Arab Republic,,760,  18 502,  20 994,  25 559,  28 647,  30 424,  32 070,  33 571,  34 902,  36 039,  36 958,  37 658,  38 167,  38 508,  38 703,  38 754,  38 667,  38 444,  38 098
132,Median PI,Turkey,,792,  78 666,  82 256,  84 862,  87 717,  90 461,  92 744,  94 544,  95 819,  96 588,  96 856,  96 650,  96 043,  95 121,  93 973,  92 654,  91 197,  89 620,  87 983
133,Median PI,United Arab Emirates,,784,  9 157,  9 822,  10 434,  10 977,  11 500,  11 995,  12 430,  12 789,  13 068,  13 283,  13 449,  13 567,  13 625,  13 619,  13 555,  13 480,  13 419,  13 389
134,Median PI,Yemen,,887,  26 832,  30 030,  33 181,  36 335,  39 361,  42 211,  44 839,  47 170,  49 126,  50 657,  51 755,  52 443,  52 795,  52 851,  52 661,  52 244,  51 617,  50 826
135,Median PI,EUROPE,,908,  738 442,  739 725,  738 090,  733 929,  728 037,  721 355,  714 355,  706 793,  698 296,  689 029,  679 703,  671 372,  664 591,  659 399,  655 475,  652 175,  648 950,  645 577
136,Median PI,Eastern Europe,,923,  292 943,  289 796,  284 929,  278 596,  271 397,  264 321,  257 838,  251 756,  245 675,  239 381,  233 017,  227 101,  222 131,  218 308,  215 425,  212 963,  210 528,  208 024
137,Median PI,Belarus,,112,  9 496,  9 365,  9 194,  8 977,  8 740,  8 513,  8 311,  8 125,  7 942,  7 757,  7 576,  7 416,  7 284,  7 183,  7 109,  7 046,  6 984,  6 916
138,Median PI,Bulgaria,,100,  7 150,  6 884,  6 603,  6 300,  5 989,  5 691,  5 415,  5 154,  4 898,  4 645,  4 404,  4 186,  3 999,  3 846,  3 721,  3 611,  3 508,  3 406
139,Median PI,Czech Republic,,203,  10 543,  10 573,  10 550,  10 461,  10 328,  10 194,  10 077,  9 965,  9 835,  9 672,  9 480,  9 286,  9 123,  9 007,  8 931,  8 876,  8 828,  8 774
140,Median PI,Hungary,,348,  9 855,  9 685,  9 492,  9 275,  9 032,  8 784,  8 546,  8 318,  8 095,  7 865,  7 628,  7 400,  7 196,  7 021,  6 873,  6 742,  6 622,  6 506
141,Median PI,Poland,,616,  38 612,  38 407,  37 924,  37 207,  36 297,  35 286,  34 228,  33 136,  32 010,  30 827,  29 564,  28 245,  26 937,  25 732,  24 680,  23 783,  23 001,  22 289
142,Median PI,Republic of Moldova,13,498,  4 069,  4 021,  3 945,  3 839,  3 707,  3 557,  3 402,  3 243,  3 079,  2 909,  2 731,  2 555,  2 390,  2 246,  2 125,  2 024,  1 936,  1 856
143,Median PI,Romania,,642,  19 511,  18 848,  18 229,  17 639,  17 046,  16 449,  15 835,  15 207,  14 567,  13 932,  13 337,  12 815,  12 368,  11 983,  11 635,  11 309,  10 997,  10 700
144,Median PI,Russian Federation,,643,  143 457,  142 898,  141 205,  138 652,  135 674,  132 892,  130 588,  128 599,  126 655,  124 604,  122 534,  120 728,  119 439,  118 741,  118 471,  118 281,  117 938,  117 445
145,Median PI,Slovakia,,703,  5 426,  5 435,  5 414,  5 353,  5 255,  5 136,  5 013,  4 892,  4 766,  4 628,  4 477,  4 322,  4 178,  4 056,  3 958,  3 876,  3 803,  3 732
146,Median PI,Ukraine,14,804,  44 824,  43 679,  42 373,  40 892,  39 329,  37 818,  36 423,  35 117,  33 829,  32 542,  31 287,  30 149,  29 217,  28 492,  27 923,  27 415,  26 912,  26 400
147,Median PI,Northern Europe,,924,  102 358,  105 207,  107 840,  110 126,  112 110,  113 973,  115 809,  117 563,  119 102,  120 416,  121 601,  122 781,  123 979,  125 116,  126 144,  127 075,  127 927,  128 679
148,Median PI,Channel Islands,15,830,   164,   167,   171,   174,   177,   179,   180,   181,   181,   181,   181,   182,   182,   182,   182,   182,   182,   182
149,Median PI,Denmark,,208,  5 669,  5 776,  5 892,  6 003,  6 097,  6 173,  6 237,  6 299,  6 363,  6 430,  6 499,  6 568,  6 633,  6 690,  6 736,  6 773,  6 805,  6 838
150,Median PI,Estonia,,233,  1 313,  1 295,  1 272,  1 243,  1 212,  1 183,  1 156,  1 129,  1 101,  1 072,  1 042,  1 014,   988,   966,   947,   932,   918,   904
151,Median PI,Faeroe Islands,,234,   48,   49,   49,   50,   51,   52,   52,   52,   52,   52,   52,   53,   53,   53,   53,   53,   53,   52
152,Median PI,Finland,16,246,  5 503,  5 585,  5 656,  5 706,  5 732,  5 739,  5 742,  5 752,  5 766,  5 783,  5 803,  5 821,  5 836,  5 844,  5 850,  5 853,  5 856,  5 857
153,Median PI,Iceland,,352,   329,   342,   354,   364,   373,   380,   385,   389,   391,   393,   394,   394,   394,   393,   391,   389,   387,   384
154,Median PI,Ireland,,372,  4 688,  4 874,  5 048,  5 204,  5 360,  5 519,  5 667,  5 789,  5 879,  5 943,  5 997,  6 050,  6 107,  6 170,  6 234,  6 293,  6 340,  6 372
155,Median PI,Isle of Man,,833,   88,   91,   94,   96,   99,   101,   102,   104,   105,   107,   108,   109,   110,   111,   112,   113,   114,   114
156,Median PI,Latvia,,428,  1 971,  1 919,  1 865,  1 806,  1 747,  1 692,  1 642,  1 593,  1 548,  1 504,  1 462,  1 423,  1 388,  1 358,  1 334,  1 315,  1 297,  1 278
157,Median PI,Lithuania,,440,  2 878,  2 795,  2 725,  2 655,  2 580,  2 505,  2 437,  2 375,  2 321,  2 272,  2 225,  2 181,  2 141,  2 108,  2 079,  2 056,  2 034,  2 013
158,Median PI,Norway,17,578,  5 211,  5 494,  5 725,  5 945,  6 142,  6 321,  6 491,  6 658,  6 816,  6 961,  7 094,  7 222,  7 345,  7 462,  7 569,  7 667,  7 759,  7 845
159,Median PI,Sweden,,752,  9 779,  10 120,  10 463,  10 766,  11 030,  11 290,  11 574,  11 881,  12 182,  12 463,  12 726,  12 990,  13 260,  13 525,  13 776,  14 015,  14 246,  14 470
160,Median PI,United Kingdom,,826,  64 716,  66 700,  68 527,  70 113,  71 511,  72 840,  74 144,  75 361,  76 397,  77 255,  78 018,  78 775,  79 541,  80 255,  80 880,  81 434,  81 936,  82 370
161,Median PI,Southern Europe,,925,  152 348,  151 798,  150 771,  149 455,  148 048,  146 395,  144 394,  141 941,  139 004,  135 727,  132 375,  129 276,  126 627,  124 515,  122 831,  121 343,  119 904,  118 491
162,Median PI,Albania,,8,  2 897,  2 935,  2 960,  2 954,  2 915,  2 855,  2 785,  2 710,  2 634,  2 554,  2 465,  2 370,  2 269,  2 161,  2 049,  1 940,  1 840,  1 755
163,Median PI,Andorra,,20,   70,   70,   70,   71,   72,   73,   73,   72,   71,   69,   67,   66,   64,   63,   62,   62,   61,   60
164,Median PI,Bosnia and Herzegovina,,70,  3 810,  3 758,  3 681,  3 584,  3 469,  3 340,  3 206,  3 069,  2 931,  2 793,  2 656,  2 521,  2 391,  2 271,  2 164,  2 071,  1 990,  1 919
165,Median PI,Croatia,,191,  4 240,  4 163,  4 072,  3 977,  3 876,  3 771,  3 664,  3 554,  3 444,  3 333,  3 224,  3 118,  3 017,  2 923,  2 837,  2 757,  2 683,  2 615
166,Median PI,Gibraltar,,292,   32,   33,   33,   33,   33,   33,   32,   32,   32,   31,   31,   30,   30,   30,   29,   29,   29,   28
167,Median PI,Greece,,300,  10 955,  10 825,  10 657,  10 480,  10 302,  10 124,  9 931,  9 705,  9 435,  9 135,  8 829,  8 540,  8 283,  8 063,  7 874,  7 706,  7 545,  7 393
168,Median PI,Holy See,18,336,   1,   1,   1,   1,   1,   1,   1,   1,   1,   1,   1,   1,   1,   1,   1,   1,   1,   1
169,Median PI,Italy,,380,  59 798,  59 741,  59 486,  59 100,  58 635,  58 078,  57 380,  56 513,  55 494,  54 387,  53 292,  52 346,  51 602,  51 067,  50 670,  50 316,  49 974,  49 647
170,Median PI,Malta,,470,   419,   423,   426,   428,   427,   423,   417,   411,   405,   400,   394,   387,   380,   372,   365,   358,   353,   348
171,Median PI,Montenegro,,499,   626,   626,   623,   618,   610,   600,   588,   574,   561,   547,   532,   518,   503,   489,   475,   462,   449,   437
172,Median PI,Portugal,,620,  10 350,  10 161,  9 991,  9 845,  9 713,  9 576,  9 411,  9 216,  8 990,  8 752,  8 514,  8 295,  8 099,  7 934,  7 793,  7 661,  7 531,  7 407
173,Median PI,San Marino,,674,   32,   32,   33,   33,   33,   33,   33,   33,   32,   32,   32,   31,   31,   31,   30,   30,   30,   30
174,Median PI,Serbia,19,688,  8 851,  8 674,  8 485,  8 281,  8 058,  7 817,  7 570,  7 331,  7 099,  6 870,  6 644,  6 423,  6 209,  6 007,  5 817,  5 641,  5 481,  5 334
175,Median PI,Slovenia,,705,  2 068,  2 075,  2 070,  2 054,  2 030,  2 003,  1 974,  1 942,  1 905,  1 865,  1 824,  1 786,  1 756,  1 733,  1 718,  1 709,  1 701,  1 693
176,Median PI,Spain,20,724,  46 122,  46 194,  46 095,  45 920,  45 819,  45 647,  45 347,  44 840,  44 076,  43 114,  42 075,  41 102,  40 302,  39 730,  39 351,  39 044,  38 716,  38 337
177,Median PI,TFYR Macedonia,21,807,  2 078,  2 088,  2 089,  2 078,  2 055,  2 021,  1 981,  1 938,  1 893,  1 846,  1 795,  1 742,  1 690,  1 641,  1 596,  1 556,  1 520,  1 487
178,Median PI,Western Europe,,926,  190 794,  192 924,  194 549,  195 751,  196 482,  196 666,  196 314,  195 533,  194 514,  193 506,  192 710,  192 215,  191 855,  191 461,  191 076,  190 793,  190 591,  190 384
179,Median PI,Austria,,40,  8 545,  8 656,  8 763,  8 844,  8 886,  8 894,  8 880,  8 846,  8 788,  8 716,  8 643,  8 578,  8 519,  8 464,  8 414,  8 377,  8 351,  8 335
180,Median PI,Belgium,,56,  11 299,  11 634,  11 837,  12 019,  12 177,  12 315,  12 432,  12 527,  12 597,  12 652,  12 706,  12 772,  12 846,  12 923,  12 999,  13 076,  13 146,  13 210
181,Median PI,France,,250,  64 395,  65 720,  66 896,  68 007,  69 049,  69 931,  70 613,  71 137,  71 602,  72 061,  72 557,  73 109,  73 693,  74 259,  74 774,  75 245,  75 663,  75 998
182,Median PI,Germany,,276,  80 689,  80 392,  79 960,  79 294,  78 403,  77 300,  75 999,  74 513,  72 923,  71 391,  70 019,  68 843,  67 743,  66 634,  65 590,  64 690,  63 925,  63 244
183,Median PI,Liechtenstein,,438,   38,   39,   40,   41,   42,   42,   43,   43,   43,   44,   44,   44,   45,   45,   46,   46,   46,   47
184,Median PI,Luxembourg,,442,   567,   605,   644,   678,   711,   743,   774,   803,   831,   858,   883,   907,   930,   952,   973,   993,  1 012,  1 030
185,Median PI,Monaco,,492,   38,   38,   39,   40,   41,   42,   43,   44,   45,   46,   47,   48,   49,   51,   52,   53,   54,   55
186,Median PI,Netherlands,,528,  16 925,  17 185,  17 419,  17 605,  17 715,  17 738,  17 686,  17 602,  17 513,  17 435,  17 387,  17 371,  17 370,  17 358,  17 336,  17 302,  17 262,  17 220
187,Median PI,Switzerland,,756,  8 299,  8 654,  8 952,  9 223,  9 457,  9 660,  9 845,  10 019,  10 172,  10 304,  10 424,  10 543,  10 660,  10 775,  10 891,  11 011,  11 131,  11 245
188,Median PI,LATIN AMERICA AND THE CARIBBEAN,,904,  634 387,  666 502,  695 584,  721 067,  742 747,  760 484,  774 305,  784 247,  790 450,  792 959,  791 917,  787 631,  780 546,  771 201,  760 090,  747 781,  734 679,  721 224
189,Median PI,Caribbean,,915,  43 199,  44 552,  45 729,  46 700,  47 441,  47 923,  48 146,  48 100,  47 818,  47 334,  46 691,  45 940,  45 111,  44 224,  43 268,  42 269,  41 263,  40 262
190,Median PI,Anguilla,,660,   15,   15,   16,   16,   16,   16,   16,   15,   15,   14,   14,   14,   13,   13,   12,   12,   12,   11
191,Median PI,Antigua and Barbuda,,28,   92,   96,   101,   105,   108,   111,   113,   114,   115,   116,   116,   117,   117,   117,   116,   115,   115,   114
192,Median PI,Aruba,,533,   104,   105,   106,   107,   107,   106,   104,   102,   99,   98,   96,   95,   93,   92,   90,   88,   86,   84
193,Median PI,Bahamas,,44,   388,   410,   429,   446,   460,   471,   480,   489,   495,   500,   503,   505,   506,   505,   504,   502,   500,   498
194,Median PI,Barbados,,52,   284,   288,   290,   290,   290,   288,   285,   282,   278,   275,   273,   271,   269,   267,   265,   263,   261,   259
195,Median PI,British Virgin Islands,,92,   30,   33,   34,   35,   36,   37,   37,   38,   38,   38,   38,   38,   37,   37,   37,   37,   36,   36
196,Median PI,Caribbean Netherlands,22,535,   25,   26,   27,   28,   29,   29,   30,   30,   30,   30,   30,   31,   31,   31,   31,   31,   32,   32
197,Median PI,Cayman Islands,,136,   60,   64,   68,   71,   74,   77,   79,   82,   84,   85,   87,   90,   92,   94,   95,   97,   98,   99
198,Median PI,Cuba,,192,  11 390,  11 366,  11 319,  11 237,  11 103,  10 909,  10 654,  10 339,  9 972,  9 573,  9 170,  8 795,  8 462,  8 162,  7 871,  7 591,  7 335,  7 103
199,Median PI,Curaçao,,531,   157,   164,   170,   175,   179,   183,   186,   189,   192,   194,   197,   199,   202,   204,   205,   206,   207,   208
200,Median PI,Dominica,,212,   73,   74,   76,   76,   76,   76,   75,   74,   73,   71,   69,   67,   65,   62,   59,   57,   54,   52
201,Median PI,Dominican Republic,,214,  10 528,  11 107,  11 626,  12 087,  12 491,  12 819,  13 069,  13 238,  13 339,  13 377,  13 358,  13 288,  13 168,  13 005,  12 802,  12 567,  12 308,  12 027
202,Median PI,Grenada,,308,   107,   109,   111,   112,   113,   112,   112,   110,   108,   105,   101,   98,   93,   89,   84,   80,   76,   72
203,Median PI,Guadeloupe,23,312,   468,   478,   485,   491,   496,   500,   501,   498,   492,   485,   478,   473,   468,   463,   458,   452,   445,   437
204,Median PI,Haiti,,332,  10 711,  11 378,  12 005,  12 578,  13 090,  13 534,  13 903,  14 189,  14 395,  14 523,  14 574,  14 552,  14 466,  14 338,  14 173,  13 981,  13 770,  13 544
205,Median PI,Jamaica,,388,  2 793,  2 840,  2 867,  2 867,  2 846,  2 811,  2 765,  2 710,  2 641,  2 558,  2 465,  2 362,  2 253,  2 139,  2 024,  1 910,  1 803,  1 704
206,Median PI,Martinique,,474,   396,   395,   393,   391,   387,   380,   370,   358,   346,   336,   328,   321,   317,   312,   308,   302,   296,   289
207,Median PI,Montserrat,,500,   5,   5,   5,   5,   5,   5,   5,   5,   5,   5,   5,   5,   5,   5,   5,   5,   5,   5
208,Median PI,Puerto Rico,,630,  3 683,  3 675,  3 660,  3 638,  3 597,  3 536,  3 459,  3 367,  3 265,  3 155,  3 038,  2 916,  2 792,  2 667,  2 543,  2 425,  2 313,  2 212
209,Median PI,Saint Kitts and Nevis,,659,   56,   58,   61,   63,   65,   66,   67,   68,   68,   68,   68,   67,   67,   66,   65,   65,   64,   63
210,Median PI,Saint Lucia,,662,   185,   192,   197,   202,   205,   207,   208,   207,   206,   203,   200,   197,   193,   188,   183,   178,   173,   168
211,Median PI,Saint Vincent and the Grenadines,,670,   109,   111,   112,   112,   112,   112,   111,   109,   107,   104,   101,   98,   95,   91,   88,   84,   81,   77
212,Median PI,Sint Maarten (Dutch part),,534,   39,   41,   44,   46,   48,   49,   51,   52,   53,   55,   56,   57,   58,   59,   60,   61,   62,   63
213,Median PI,Trinidad and Tobago,,780,  1 360,  1 378,  1 380,  1 373,  1 359,  1 341,  1 319,  1 291,  1 259,  1 223,  1 186,  1 150,  1 117,  1 087,  1 059,  1 033,  1 008,   984
214,Median PI,Turks and Caicos Islands,,796,   34,   37,   39,   42,   44,   45,   47,   48,   49,   49,   50,   51,   51,   51,   52,   52,   52,   52
215,Median PI,United States Virgin Islands,,850,   106,   107,   107,   106,   105,   103,   100,   97,   94,   91,   88,   85,   83,   80,   78,   75,   72,   69
216,Median PI,Central America,,916,  172 740,  183 824,  194 120,  203 401,  211 556,  218 534,  224 330,  228 925,  232 308,  234 443,  235 343,  235 085,  233 829,  231 679,  228 731,  225 170,  221 187,  216 959
217,Median PI,Belize,,84,   359,   398,   436,   472,   505,   535,   563,   588,   610,   629,   644,   656,   664,   670,   674,   676,   677,   677
218,Median PI,Costa Rica,,188,  4 808,  5 044,  5 246,  5 413,  5 548,  5 650,  5 721,  5 759,  5 766,  5 746,  5 701,  5 635,  5 550,  5 446,  5 331,  5 214,  5 100,  4 993
219,Median PI,El Salvador,,222,  6 127,  6 231,  6 329,  6 408,  6 464,  6 476,  6 451,  6 390,  6 302,  6 183,  6 034,  5 855,  5 649,  5 417,  5 167,  4 911,  4 658,  4 420
220,Median PI,Guatemala,,320,  16 343,  18 015,  19 720,  21 424,  23 103,  24 730,  26 287,  27 754,  29 112,  30 337,  31 417,  32 344,  33 118,  33 742,  34 211,  34 539,  34 735,  34 812
221,Median PI,Honduras,,340,  8 075,  8 651,  9 212,  9 737,  10 206,  10 607,  10 943,  11 217,  11 429,  11 576,  11 655,  11 662,  11 601,  11 481,  11 312,  11 106,  10 881,  10 646
222,Median PI,Mexico,,484,  127 017,  134 837,  141 924,  148 133,  153 404,  157 762,  161 213,  163 754,  165 390,  166 111,  165 942,  164 969,  163 336,  161 119,  158 386,  155 266,  151 894,  148 404
223,Median PI,Nicaragua,,558,  6 082,  6 418,  6 736,  7 033,  7 306,  7 537,  7 723,  7 863,  7 958,  8 006,  8 007,  7 958,  7 863,  7 730,  7 567,  7 386,  7 194,  6 996
224,Median PI,Panama,,591,  3 929,  4 231,  4 517,  4 781,  5 020,  5 238,  5 431,  5 599,  5 740,  5 854,  5 942,  6 006,  6 049,  6 074,  6 082,  6 073,  6 048,  6 012
225,Median PI,South America,,931,  418 447,  438 126,  455 735,  470 966,  483 750,  494 027,  501 829,  507 223,  510 325,  511 183,  509 883,  506 606,  501 606,  495 299,  488 091,  480 342,  472 229,  464 003
226,Median PI,Argentina,,32,  43 417,  45 517,  47 500,  49 365,  51 099,  52 699,  54 153,  55 445,  56 556,  57 470,  58 164,  58 646,  58 946,  59 100,  59 127,  59 042,  58 854,  58 572
227,Median PI,Bolivia (Plurinational State of),,68,  10 725,  11 548,  12 370,  13 177,  13 952,  14 679,  15 352,  15 963,  16 507,  16 978,  17 367,  17 676,  17 907,  18 066,  18 161,  18 199,  18 181,  18 118
228,Median PI,Brazil,,76,  207 848,  215 997,  222 976,  228 663,  233 006,  236 015,  237 744,  238 270,  237 686,  236 014,  233 297,  229 664,  225 267,  220 413,  215 337,  210 255,  205 198,  200 305
229,Median PI,Chile,,152,  17 948,  18 842,  19 639,  20 250,  20 751,  21 142,  21 423,  21 601,  21 677,  21 662,  21 568,  21 412,  21 208,  20 956,  20 664,  20 348,  20 038,  19 744
230,Median PI,Colombia,,170,  48 229,  50 229,  51 878,  53 175,  54 125,  54 723,  54 983,  54 927,  54 615,  54 073,  53 347,  52 451,  51 409,  50 245,  49 015,  47 765,  46 522,  45 321
231,Median PI,Ecuador,,218,  16 144,  17 338,  18 483,  19 563,  20 568,  21 484,  22 300,  23 013,  23 614,  24 108,  24 492,  24 767,  24 935,  25 006,  24 983,  24 881,  24 718,  24 499
232,Median PI,Falkland Islands (Malvinas),,238,   3,   3,   3,   3,   3,   3,   3,   3,   3,   3,   3,   3,   3,   3,   3,   3,   3,   3
233,Median PI,French Guiana,,254,   269,   304,   341,   381,   422,   463,   505,   546,   586,   626,   665,   703,   740,   775,   808,   838,   866,   891
234,Median PI,Guyana,,328,   767,   787,   807,   821,   826,   824,   816,   806,   796,   783,   768,   749,   726,   699,   672,   645,   619,   595
235,Median PI,Paraguay,,600,  6 639,  7 067,  7 474,  7 845,  8 175,  8 458,  8 697,  8 895,  9 052,  9 162,  9 223,  9 234,  9 199,  9 126,  9 028,  8 915,  8 794,  8 665
236,Median PI,Peru,,604,  31 377,  33 317,  35 152,  36 855,  38 391,  39 754,  40 928,  41 899,  42 656,  43 196,  43 531,  43 672,  43 633,  43 432,  43 104,  42 665,  42 142,  41 557
237,Median PI,Suriname,,740,   543,   565,   584,   599,   611,   619,   624,   624,   623,   620,   615,   608,   600,   591,   581,   570,   559,   548
238,Median PI,Uruguay,,858,  3 432,  3 495,  3 550,  3 596,  3 630,  3 653,  3 665,  3 667,  3 659,  3 642,  3 615,  3 579,  3 535,  3 486,  3 432,  3 374,  3 315,  3 258
239,Median PI,Venezuela (Bolivarian Republic of),,862,  31 108,  33 116,  34 978,  36 674,  38 191,  39 513,  40 636,  41 562,  42 295,  42 847,  43 229,  43 442,  43 499,  43 401,  43 176,  42 841,  42 419,  41 927
240,Median PI,NORTHERN AMERICA,,905,  357 838,  371 269,  384 274,  396 278,  406 905,  416 364,  424 930,  433 114,  441 089,  449 146,  457 200,  464 959,  472 164,  478 681,  484 602,  490 113,  495 300,  500 143
241,Median PI,Bermuda,,60,   62,   61,   60,   59,   58,   57,   55,   54,   52,   50,   49,   48,   47,   46,   45,   44,   43,   42
242,Median PI,Canada,,124,  35 940,  37 600,  39 066,  40 390,  41 518,  42 479,  43 340,  44 136,  44 853,  45 534,  46 199,  46 841,  47 431,  47 955,  48 427,  48 865,  49 279,  49 668
243,Median PI,Greenland,,304,   56,   56,   57,   57,   56,   55,   54,   52,   51,   50,   49,   48,   47,   46,   44,   43,   42,   41
244,Median PI,Saint Pierre and Miquelon,,666,   6,   6,   7,   7,   7,   7,   7,   7,   7,   7,   7,   7,   7,   7,   7,   7,   7,   7
245,Median PI,United States of America,,840,  321 774,  333 546,  345 085,  355 765,  365 266,  373 767,  381 474,  388 865,  396 125,  403 504,  410 895,  418 014,  424 632,  430 628,  436 078,  441 154,  445 929,  450 385
246,Median PI,OCEANIA,,909,  39 331,  42 131,  44 791,  47 361,  49 809,  52 150,  54 413,  56 609,  58 684,  60 626,  62 432,  64 106,  65 637,  67 028,  68 253,  69 340,  70 302,  71 129
247,Median PI,Australia/New Zealand,,927,  28 498,  30 327,  32 007,  33 585,  35 046,  36 427,  37 774,  39 104,  40 363,  41 542,  42 647,  43 687,  44 661,  45 572,  46 397,  47 156,  47 857,  48 484
248,Median PI,Australia,24,36,  23 969,  25 598,  27 084,  28 482,  29 785,  31 032,  32 264,  33 496,  34 673,  35 780,  36 816,  37 788,  38 700,  39 556,  40 342,  41 078,  41 766,  42 389
249,Median PI,New Zealand,,554,  4 529,  4 730,  4 923,  5 103,  5 261,  5 395,  5 509,  5 607,  5 690,  5 762,  5 831,  5 899,  5 962,  6 016,  6 055,  6 079,  6 090,  6 094
250,Median PI,Melanesia,,928,  9 623,  10 542,  11 476,  12 419,  13 358,  14 275,  15 157,  15 996,  16 789,  17 534,  18 221,  18 844,  19 394,  19 872,  20 275,  20 610,  20 883,  21 096
251,Median PI,Fiji,,242,   892,   915,   931,   940,   944,   943,   936,   924,   908,   890,   870,   847,   824,   799,   774,   749,   722,   696
252,Median PI,New Caledonia,,540,   263,   280,   296,   311,   326,   339,   352,   363,   374,   383,   391,   399,   405,   409,   413,   416,   418,   419
253,Median PI,Papua New Guinea,,598,  7 619,  8 413,  9 228,  10 057,  10 885,  11 699,  12 486,  13 240,  13 958,  14 634,  15 261,  15 831,  16 337,  16 780,  17 158,  17 475,  17 739,  17 951
254,Median PI,Solomon Islands,,90,   584,   640,   698,   757,   818,   878,   937,   992,  1 045,  1 095,  1 142,  1 187,  1 227,  1 262,  1 292,  1 316,  1 337,  1 354
255,Median PI,Vanuatu,,548,   265,   294,   324,   354,   385,   416,   446,   476,   504,   531,   557,   580,   602,   621,   639,   654,   667,   677
256,Median PI,Micronesia,,954,   526,   552,   579,   607,   632,   655,   674,   690,   704,   716,   726,   735,   741,   746,   748,   749,   747,   744
257,Median PI,Guam,,316,   170,   180,   191,   200,   209,   216,   222,   228,   232,   236,   239,   242,   243,   245,   245,   244,   243,   242
258,Median PI,Kiribati,,296,   112,   122,   132,   142,   150,   159,   169,   178,   187,   195,   203,   210,   217,   224,   230,   235,   240,   244
259,Median PI,Marshall Islands,,584,   53,   53,   54,   56,   59,   62,   65,   67,   67,   69,   70,   73,   75,   76,   77,   76,   76,   75
260,Median PI,Micronesia (Fed. States of),,583,   104,   108,   112,   118,   122,   125,   127,   129,   131,   132,   132,   131,   129,   127,   124,   121,   119,   116
261,Median PI,Nauru,,520,   10,   10,   11,   11,   11,   11,   11,   11,   10,   10,   10,   10,   10,   9,   9,   9,   9,   9
262,Median PI,Northern Mariana Islands,,580,   55,   56,   56,   56,   56,   55,   53,   51,   48,   45,   42,   40,   38,   36,   34,   32,   30,   29
263,Median PI,Palau,,585,   21,   22,   24,   25,   26,   27,   27,   28,   28,   29,   29,   29,   30,   30,   30,   30,   29,   29
264,Median PI,Polynesia,25,957,   684,   710,   729,   751,   774,   793,   808,   819,   827,   833,   838,   841,   841,   838,   832,   824,   815,   805
265,Median PI,American Samoa,,16,   56,   56,   57,   57,   58,   58,   58,   57,   56,   55,   54,   53,   51,   49,   47,   45,   43,   40
266,Median PI,Cook Islands,,184,   21,   21,   22,   23,   23,   23,   24,   24,   24,   24,   24,   23,   23,   23,   22,   22,   21,   21
267,Median PI,French Polynesia,,258,   283,   296,   303,   313,   320,   325,   328,   330,   331,   331,   329,   326,   322,   317,   312,   307,   302,   297
268,Median PI,Niue,,570,   2,   2,   2,   2,   2,   2,   2,   2,   2,   2,   2,   2,   2,   2,   2,   2,   2,   2
269,Median PI,Samoa,,882,   193,   199,   205,   210,   219,   228,   235,   241,   245,   249,   254,   258,   262,   264,   265,   265,   264,   262
270,Median PI,Tokelau,,772,   1,   1,   1,   1,   1,   2,   2,   2,   2,   2,   2,   2,   2,   2,   2,   2,   2,   2
271,Median PI,Tonga,,776,   106,   111,   115,   121,   126,   132,   136,   140,   143,   146,   149,   153,   155,   157,   158,   159,   159,   159
272,Median PI,Tuvalu,,798,   10,   10,   10,   11,   11,   11,   11,   11,   11,   11,   11,   12,   12,   11,   11,   11,   11,   11
273,Median PI,Wallis and Futuna Islands,,876,   13,   13,   13,   13,   13,   13,   13,   13,   13,   13,   13,   13,   13,   13,   13,   12,   12,   12
